0.05,0.05,0.05,-0.0,0.02,0.055,0.99936615589,-2.74338944742e-17,0.0,0.0355989671295,0.0426467763031,0.00838991899927,0.0958573544667,-0.623787100398,-0.360483074175,0.518839378867,0.460160086868,0.120431544076,0.0277365238451,0.470451308391,0.533627021661,0.590935519903,0.643192604957,0.714759302678,0.302610888749,0.76593732405,0.761319976187,0.306783723621,0.760497871414,0.765861761133,0.758862353588,-0.0567236855473,0.56667273148,0.226961825956,0.61127126762,0.424131545511,-2.94392954459e-10,0.655763434989,0.408614017134,0.336733486803,0.236653913778,0.487701906059,0.446885234035,0.700424934437,0.677532125996,0.991328487017,0.175899189133,0.124497091543,0.386645835301,0.654864356395,nan,nan,nan,nan,nan,nan,nan,nan,nan,nan,nan,nan,nan,nan,nan,nan,nan,nan,nan,nan,nan,nan,nan,nan,nan,nan,nan,nan,nan,nan,nan,nan,nan,nan,nan,nan,-0.0120580566289,-0.0250023472635,-0.0123223950515,nan,nan,nan,nan,nan,nan,nan,nan,nan,-0.0249832224048,-0.0202546992878,-0.00884051202458,nan,nan,nan,nan,nan,nan,0.0249902635921,-0.0190108666709,-0.0138100558759,nan,nan,nan,nan,nan,nan,nan,nan,nan,nan,nan,nan,nan,nan,nan,nan,nan,nan,nan,nan,nan,nan,nan,nan,nan,nan,nan,nan,nan,nan,nan,nan,nan,nan,nan,nan,nan,nan,nan,nan,nan,nan,nan,nan,nan,nan,nan,nan,nan,nan,nan,nan,nan,nan,nan,nan,nan,nan,nan,nan,nan,nan,nan,nan,nan,nan,nan,nan,nan,nan,nan,nan,-0.431684274346,-8.68786071167,-0.688673005596,-2.2731187771e-18,1.93516195099e-18,-2.29879024244e-17,nan,nan,nan,nan,nan,nan,nan,nan,nan,nan,nan,nan,nan,nan,nan,nan,nan,nan,-8.93998060521,4.28491144221,0.177038132467,-0.000178993223621,7.75118946855e-08,-1.85599186106e-06,nan,nan,nan,nan,nan,nan,nan,nan,nan,nan,nan,nan,8.954057782,4.29224242401,4.65948524272,4.11363021809e-18,1.32396479235e-17,-2.01012464433e-17
0.05,0.05,0.05,-0.0,0.02,0.055,0.999218387671,-0.0174409718574,0.000617519003578,0.0354689288197,0.0427432754207,0.00769571190923,0.0935682250625,-0.621041955815,-0.358688680998,0.521634518646,0.46211118597,0.125582185308,0.0397836445673,0.492443078548,0.547482897798,0.614336196728,0.655813805474,0.726892571464,0.302401193549,0.765581557242,0.75949910913,0.306281153567,0.760126514691,0.765939163242,0.757813907075,-0.0497164157875,0.576061483851,0.249668711662,0.61884467877,0.44378321208,-1.22915011502e-10,0.664980467842,0.406518865518,0.341249882311,0.234495740742,0.488915559646,0.444760577675,0.699509711042,0.678137371558,0.994413001308,0.169213969021,0.125028197463,0.385901072476,0.663533264972,-0.0229590408318,0.0225714090467,0.0249571040528,nan,nan,nan,nan,nan,nan,nan,nan,nan,nan,nan,nan,nan,nan,nan,nan,nan,nan,nan,nan,nan,nan,nan,nan,nan,nan,nan,nan,nan,nan,nan,nan,nan,nan,nan,nan,nan,nan,nan,nan,nan,nan,nan,nan,nan,-0.0249876428423,-0.0226131393225,-0.00892460481058,0.0244671569733,0.00492611682491,0.0240399264297,nan,nan,nan,0.0249509960046,-0.0214730896303,-0.0134939612198,0.0,0.0,0.0,0.0,0.0,0.0,nan,nan,nan,nan,nan,nan,nan,nan,nan,nan,nan,nan,nan,nan,nan,nan,nan,nan,nan,nan,nan,nan,nan,nan,nan,nan,nan,nan,nan,nan,nan,nan,nan,nan,nan,nan,nan,nan,nan,nan,nan,nan,nan,nan,nan,nan,nan,nan,nan,nan,nan,nan,nan,nan,nan,nan,nan,nan,nan,nan,nan,nan,nan,nan,nan,nan,nan,nan,nan,nan,nan,nan,nan,nan,nan,nan,nan,nan,nan,nan,nan,nan,nan,nan,nan,nan,nan,nan,nan,nan,-24.3228817833,7.96803270503,-1.7584146023,-1.91219150967e-17,-5.97438203282e-17,-6.22187390504e-18,12.8542502642,6.4722580904,9.9231237592,-6.19134086851e-17,1.03734725379e-17,7.34356112121e-17,nan,nan,nan,nan,nan,nan,11.4729801295,-3.51483934672,-3.75153310164,-6.44767954236e-18,1.04505696815e-18,-2.06974867391e-17
0.05,0.05,0.05,-0.0,0.02,0.055,0.998774945993,-0.0348781727188,0.00123490611533,0.0350798422423,0.0428580240889,0.00866449135587,0.0959974933476,-0.621781941278,-0.355731749019,0.523522575684,0.461265924375,0.117693231684,0.0255950013831,0.469497687468,0.528596541211,0.588994591678,0.643901999702,0.710857982408,0.302373993674,0.765185095283,0.759993208892,0.306184843764,0.759447193987,0.765307414214,0.756942340008,-0.0580852502765,0.566048373765,0.225789541386,0.6102340977,0.421611712597,-2.02732053367e-10,0.653591695985,0.404512149885,0.33607200901,0.24684883225,0.487157339026,0.453673196057,0.700535552174,0.679968796212,0.983579755975,0.181063977646,0.118602283809,0.38619665844,0.643825769263,-0.0229563939124,0.0225792669601,0.0249565418135,nan,nan,nan,nan,nan,nan,nan,nan,nan,nan,nan,nan,nan,nan,nan,nan,nan,nan,nan,nan,nan,nan,nan,nan,nan,nan,nan,nan,nan,nan,nan,nan,nan,nan,nan,nan,nan,nan,nan,nan,nan,nan,nan,nan,nan,-0.0249947488939,-0.0201601539338,-0.00836716244317,0.0244570023895,0.00733028832956,0.0240574064232,nan,nan,nan,0.0249551695721,-0.0194855310229,-0.0133672020254,0.0,0.0,0.0,0.0,0.0,0.0,nan,nan,nan,nan,nan,nan,nan,nan,nan,nan,nan,nan,nan,nan,nan,nan,nan,nan,nan,nan,nan,nan,nan,nan,nan,nan,nan,nan,nan,nan,nan,nan,nan,nan,nan,nan,nan,nan,nan,nan,nan,nan,nan,nan,nan,nan,nan,nan,nan,nan,nan,nan,nan,nan,nan,nan,nan,nan,nan,nan,nan,nan,nan,nan,nan,nan,nan,nan,nan,nan,nan,nan,nan,nan,nan,nan,nan,nan,nan,nan,nan,nan,nan,nan,nan,nan,nan,nan,nan,nan,-28.9031804325,10.9195301685,2.41446756349,3.21861991497e-17,1.06235543539e-16,-9.51591583384e-17,-0.00356719132848,0.00538186338072,0.00447603357042,-1.44603364342e-20,2.62913212974e-21,-1.46854163699e-20,nan,nan,nan,nan,nan,nan,32.6836417595,-7.37255633849,-6.86052473479,0.00363245875352,3.34707155281e-06,-3.03511028635e-05
0.05,0.05,0.05,-0.0,0.02,0.055,0.997995777798,-0.0523027787236,0.00185179216566,0.0355727100581,0.0435393804145,0.0104504138937,0.102348258894,-0.598821580734,-0.36950421966,0.527772724647,0.475747093758,0.097522006399,0.0164979196255,0.390680318402,0.52236809344,0.50235482034,0.604673994688,0.661010094278,0.303394104796,0.766319336387,0.76611053741,0.307636976062,0.764206126553,0.765639171354,0.762980220724,-0.0548162678816,0.555545824101,0.175877134863,0.594075241248,0.362790875209,-1.37693412228e-10,0.610414369223,0.409211477156,0.349558788333,0.220504693609,0.490562512037,0.42744920591,0.699080484136,0.669755971217,0.963728518997,0.202269194925,0.142558221105,0.37655789285,0.609142897892,nan,nan,nan,nan,nan,nan,nan,nan,nan,nan,nan,nan,nan,nan,nan,nan,nan,nan,nan,nan,nan,nan,nan,nan,nan,nan,nan,nan,nan,nan,nan,nan,nan,nan,nan,nan,nan,nan,nan,nan,nan,nan,nan,nan,nan,nan,nan,nan,-0.0249950707934,-0.014294517502,-0.00574444455358,nan,nan,nan,nan,nan,nan,0.0249899293467,-0.0129245948225,-0.0129503650163,nan,nan,nan,nan,nan,nan,nan,nan,nan,nan,nan,nan,nan,nan,nan,nan,nan,nan,nan,nan,nan,nan,nan,nan,nan,nan,nan,nan,nan,nan,nan,nan,nan,nan,nan,nan,nan,nan,nan,nan,nan,nan,nan,nan,nan,nan,nan,nan,nan,nan,nan,nan,nan,nan,nan,nan,nan,nan,nan,nan,nan,nan,nan,nan,nan,nan,nan,nan,nan,nan,nan,nan,nan,nan,nan,nan,nan,nan,nan,nan,nan,nan,nan,nan,nan,nan,nan,nan,nan,nan,nan,nan,nan,nan,nan,nan,-37.7878057112,-17.7941426855,5.9659666563,0.0547054229397,7.64168932034e-05,0.000300027475818,nan,nan,nan,nan,nan,nan,nan,nan,nan,nan,nan,nan,39.6233946564,20.1181629328,-11.7903174153,-1.20488448793e-16,8.90126531057e-17,-2.53037318228e-16
0.05,0.05,0.05,-0.0,0.02,0.055,0.996940615592,-0.0697130430465,0.00246820152407,0.0352619992952,0.0431525307764,0.00986303900898,0.0997495250923,-0.610901224504,-0.363353693573,0.524133618603,0.469103119918,0.0954030943328,0.0216740804374,0.418588710813,0.524711232661,0.536944770523,0.618977013438,0.684238360506,0.303332038509,0.766609703611,0.765637676375,0.307020454366,0.76277043759,0.766085492048,0.762528203773,-0.0616233952408,0.561781369494,0.189074280066,0.603941692692,0.385777345134,-2.04510186563e-10,0.6328515105,0.415902953674,0.33488092456,0.232746742888,0.489454903207,0.46664772527,0.712984466025,0.703562977358,0.972437337071,0.20436704662,0.134479753294,0.3569541771,0.629441310708,nan,nan,nan,nan,nan,nan,nan,nan,nan,nan,nan,nan,nan,nan,nan,nan,nan,nan,nan,nan,nan,nan,nan,nan,nan,nan,nan,nan,nan,nan,nan,nan,nan,nan,nan,nan,nan,nan,nan,nan,nan,nan,nan,nan,nan,nan,nan,nan,-0.0249429887601,-0.0158015502237,-0.00610921238343,0.0244306966383,0.0124001030875,0.024076988757,nan,nan,nan,0.0249654144501,-0.0157342925444,-0.0132475563951,nan,nan,nan,nan,nan,nan,nan,nan,nan,nan,nan,nan,nan,nan,nan,nan,nan,nan,nan,nan,nan,nan,nan,nan,nan,nan,nan,nan,nan,nan,nan,nan,nan,nan,nan,nan,nan,nan,nan,nan,nan,nan,nan,nan,nan,nan,nan,nan,nan,nan,nan,nan,nan,nan,nan,nan,nan,nan,nan,nan,nan,nan,nan,nan,nan,nan,nan,nan,nan,nan,nan,nan,nan,nan,nan,nan,nan,nan,nan,nan,nan,nan,nan,nan,nan,nan,nan,nan,nan,nan,nan,nan,nan,nan,nan,nan,-46.4913011819,-22.7277507432,2.834662575,0.00164502250879,0.000374313881521,0.000687119831773,12.4571031417,2.14050575165,7.55570806929,0.0,0.0,0.0,nan,nan,nan,nan,nan,nan,30.2874767926,20.534753188,-1.85371356413,-0.0030583674255,2.01908725225e-05,2.59534340769e-05
0.05,0.05,0.05,-0.0,0.02,0.055,0.995569108452,-0.0871009219997,0.00308389723832,0.0352997062349,0.043296844685,0.0204953410708,0.110423227411,-0.447105298717,-0.437728007665,0.534948096108,0.567733720714,0.157475004241,0.0619797072856,0.29347137101,0.4293952852,0.408319922466,0.492340777177,0.606200472426,0.295531655593,0.745826767549,0.743374916921,0.298753257939,0.742272047133,0.745132945546,0.740217291013,0.0290265415934,0.549639859817,0.170815499639,0.565770503663,0.323011151754,-5.38073115788e-05,0.572892304968,0.0370609152638,0.476736799151,0.447834478501,0.523846238453,0.462412490501,0.666755654083,0.601245995681,0.758328740472,0.121079571984,0.183905358318,0.521602569718,0.503708784046,-0.0225954212398,0.0230657767014,0.0249212754916,nan,nan,nan,nan,nan,nan,nan,nan,nan,0.00243382769841,-0.0249973866756,0.00863455936295,nan,nan,nan,nan,nan,nan,nan,nan,nan,nan,nan,nan,nan,nan,nan,nan,nan,nan,nan,nan,nan,-0.0143254994815,-0.0250001787558,-0.00613659317,nan,nan,nan,nan,nan,nan,nan,nan,nan,-0.0247950848839,0.00096221460632,-0.000559860979602,0.023712122247,0.0246386647873,0.0180613748676,nan,nan,nan,0.024973737985,2.06008531404e-05,-0.0114634068748,2.38172774735,4.91831214766,4.20679275071,2.85256144466e-18,-1.43007508816e-17,1.51045073535e-17,nan,nan,nan,nan,nan,nan,nan,nan,nan,nan,nan,nan,nan,nan,nan,nan,nan,nan,-8.09789193906,-46.8203494527,-10.9965599851,4.62444611779e-17,-2.97410783222e-17,9.25748626946e-17,nan,nan,nan,nan,nan,nan,nan,nan,nan,nan,nan,nan,nan,nan,nan,nan,nan,nan,nan,nan,nan,nan,nan,nan,nan,nan,nan,nan,nan,nan,nan,nan,nan,nan,nan,nan,nan,nan,nan,nan,nan,nan,-1.53038358977,-8.21855830849,-1.14884251262,-2.64795283116e-18,3.12915407766e-18,-1.8857895183e-17,nan,nan,nan,nan,nan,nan,nan,nan,nan,nan,nan,nan,nan,nan,nan,nan,nan,nan,-35.0931113166,0.17585045963,-7.9364128395,4.68828366423e-18,1.211981403e-16,-1.80451439121e-17,28.2516801172,58.1235831339,19.9380109409,-0.000510233032115,-0.00101876975599,9.33996552335e-05,nan,nan,nan,nan,nan,nan,15.617746397,-9.76451628716,-7.21617089713,-2.07330843165e-17,-6.03153630458e-18,-3.67104690529e-17
0.05,0.05,0.05,-0.0,0.02,0.055,0.993900519849,-0.104460054637,0.00369860193451,0.0351592658097,0.045141983532,0.0130818231591,0.101650610266,-0.614079376814,-0.344219622422,0.555918683738,0.442011071786,0.072831715226,0.00285221427564,0.410506895923,0.506672342105,0.520596516961,0.60122948966,0.681818377748,0.301787158753,0.760819632871,0.761070812041,0.304726530982,0.758901204565,0.760343259366,0.757584890244,0.0343011715825,0.539635080426,0.14725270209,0.584412468924,0.357932627222,-2.67617927818e-10,0.611609861748,0.279045104751,0.339827176997,0.282693543746,0.503629365066,0.541352283223,0.730603071901,0.743905098221,0.939730136596,0.190888791043,0.0502927698844,0.349710486978,0.644481696198,nan,nan,nan,nan,nan,nan,nan,nan,nan,nan,nan,nan,nan,nan,nan,nan,nan,nan,nan,nan,nan,nan,nan,nan,nan,nan,nan,nan,nan,nan,nan,nan,nan,nan,nan,nan,nan,nan,nan,nan,nan,nan,nan,nan,nan,nan,nan,nan,-0.0249638893696,-0.00844206961238,0.000829012386835,0.0245026033524,0.0125501386644,0.0239959875965,nan,nan,nan,0.0249555664997,-0.0166899680988,-0.0134836143073,nan,nan,nan,nan,nan,nan,nan,nan,nan,nan,nan,nan,nan,nan,nan,nan,nan,nan,nan,nan,nan,nan,nan,nan,nan,nan,nan,nan,nan,nan,nan,nan,nan,nan,nan,nan,nan,nan,nan,nan,nan,nan,nan,nan,nan,nan,nan,nan,nan,nan,nan,nan,nan,nan,nan,nan,nan,nan,nan,nan,nan,nan,nan,nan,nan,nan,nan,nan,nan,nan,nan,nan,nan,nan,nan,nan,nan,nan,nan,nan,nan,nan,nan,nan,nan,nan,nan,nan,nan,nan,nan,nan,nan,nan,nan,nan,-41.2553387668,21.9026319254,13.6038459856,1.28361760809e-16,1.11933697556e-16,2.0905597963e-16,-1.84653469831,-3.16108396025,2.47259395588,-1.08713596081e-17,7.3104113222e-18,1.22724607984e-18,nan,nan,nan,nan,nan,nan,45.3295306348,-14.8085188594,-14.8604027214,-0.00733527655171,-0.000346620414098,0.000345013427399
0.05,0.05,0.05,-0.0,0.02,0.055,0.991915014774,-0.121789387904,0.0043120783281,0.0354027462212,0.0465450285228,0.0194540497145,0.108795558532,-0.624771607386,-0.320346642898,0.591489186118,0.396458080627,-0.00214177557004,-4.12197387334e-10,0.3325791738,0.424796816927,0.431651888097,0.554743516789,0.68552336985,0.306680163115,0.777235358012,0.771164820098,0.311205348577,0.771105664581,0.777436295341,0.768389152514,0.320235312053,0.51100436125,0.0726258979378,0.564901561343,0.303269613149,0.125422983299,0.580294857697,0.204155173312,0.353529231796,0.372687108205,0.499570850648,0.532507236414,0.732778913452,0.720576799768,0.923974615921,0.00106725302988,0.0950911627526,0.440461584575,0.675779809344,nan,nan,nan,nan,nan,nan,nan,nan,nan,nan,nan,nan,-0.0105661763471,-0.024999625297,0.00888410549965,nan,nan,nan,nan,nan,nan,nan,nan,nan,nan,nan,nan,nan,nan,nan,nan,nan,nan,nan,nan,nan,-0.0249887715743,-0.021398072232,-0.00981548207797,nan,nan,nan,nan,nan,nan,nan,nan,nan,-0.0249984071813,0.00699953521767,0.00356628097354,0.0246466060824,0.0181039736626,0.0237803461543,nan,nan,nan,0.0249628337647,-0.0110783778692,-0.0129895726791,nan,nan,nan,nan,nan,nan,nan,nan,nan,nan,nan,nan,nan,nan,nan,nan,nan,nan,nan,nan,nan,nan,nan,nan,-2.14223369682,-27.3942558968,-2.08006253457,1.8886751053e-16,-1.64079585909e-17,2.15789046467e-17,nan,nan,nan,nan,nan,nan,nan,nan,nan,nan,nan,nan,nan,nan,nan,nan,nan,nan,nan,nan,nan,nan,nan,nan,nan,nan,nan,nan,nan,nan,nan,nan,nan,nan,nan,nan,nan,nan,nan,nan,nan,nan,-15.8647727379,3.87139591145,1.22730363701,-0.00115505143509,-3.30370398962e-05,-1.21919613358e-05,nan,nan,nan,nan,nan,nan,nan,nan,nan,nan,nan,nan,nan,nan,nan,nan,nan,nan,-35.3940216232,12.9582323112,-1.97603478131,7.96586909086e-18,1.91564885745e-18,-1.30119531478e-16,20.4287298891,7.11763733803,6.25306739634,4.11573909496e-18,6.53696479238e-18,-2.08868797776e-17,nan,nan,nan,nan,nan,nan,34.9844327613,0.627296605354,2.27848825356,-0.00274231146078,9.1314791173e-07,0.000170285519798
0.05,0.05,0.05,-0.0,0.02,0.055,0.989652528756,-0.139090355403,0.00492441258284,0.0348926284762,0.0457581610323,0.0186998363089,0.108022481845,-0.641060209984,-0.307887461637,0.584076020485,0.391282916107,-0.00291949494148,-1.76206604863e-10,0.334085892859,0.435357770537,0.442409636674,0.562355693578,0.693508311448,0.306372297119,0.774819863565,0.770917182572,0.310321122373,0.770498439868,0.774733894424,0.767354384509,0.3212470795,0.509396425979,0.071062601011,0.563914877651,0.30301282224,0.127084169235,0.576588264629,0.196652115535,0.347522763397,0.362245419877,0.496327234207,0.533396894505,0.730182255433,0.721569973282,0.945131178887,0.000599749842018,0.093725166577,0.429174613173,0.687225108638,nan,nan,nan,nan,nan,nan,nan,nan,nan,nan,nan,nan,-0.0105992139986,-0.0249999988074,0.00762990134608,nan,nan,nan,nan,nan,nan,nan,nan,nan,nan,nan,nan,nan,nan,nan,nan,nan,nan,nan,nan,nan,-0.0249990329633,-0.0219364504433,-0.0117416708088,nan,nan,nan,nan,nan,nan,nan,nan,nan,-0.0249978683403,0.00782759536668,0.000959587308329,0.0246226199452,0.0159787592769,0.0237529240143,nan,nan,nan,0.0249777282744,-0.0120378629018,-0.0131391241264,nan,nan,nan,nan,nan,nan,nan,nan,nan,nan,nan,nan,nan,nan,nan,nan,nan,nan,nan,nan,nan,nan,nan,nan,0.126945292068,-5.33671603604,-0.0944515752193,-3.60305123575e-17,-6.94285344736e-19,-9.19730750644e-18,nan,nan,nan,nan,nan,nan,nan,nan,nan,nan,nan,nan,nan,nan,nan,nan,nan,nan,nan,nan,nan,nan,nan,nan,nan,nan,nan,nan,nan,nan,nan,nan,nan,nan,nan,nan,nan,nan,nan,nan,nan,nan,-14.1363297033,-2.27722848929,-0.172498166649,-0.000386929147763,7.57924420701e-07,1.01708612204e-06,nan,nan,nan,nan,nan,nan,nan,nan,nan,nan,nan,nan,nan,nan,nan,nan,nan,nan,-23.6710641048,7.28959443349,-7.19385432487,0.0,0.0,0.0,13.4973018356,1.75639553561,10.0353649869,0.0,0.0,0.0,nan,nan,nan,nan,nan,nan,25.6048912225,-3.61308511262,0.45977764127,-0.00975314250757,-1.78009832514e-05,3.98354546718e-05
0.05,0.05,0.05,-0.0,0.02,0.055,0.987070681119,-0.156340107881,0.00553520381951,0.0349084898094,0.0457069482468,0.0183752441384,0.107287030463,-0.64445074637,-0.306522995704,0.584082327259,0.386748915436,0.00245586256694,-1.6352815603e-05,0.349938141742,0.430452872915,0.456173061248,0.558039939642,0.695501485092,0.306013976627,0.773984530933,0.77013870277,0.31015196869,0.769697340544,0.773457878239,0.767056002762,0.32084997191,0.510813823172,0.0745788227197,0.563324281211,0.305465016595,0.12598572565,0.585983352655,0.19495320052,0.350841448535,0.359481499907,0.496650834203,0.531257424854,0.729196865578,0.717272367473,0.944779097676,2.48108446526e-05,0.0886670272396,0.433090812658,0.676861668001,nan,nan,nan,nan,nan,nan,nan,nan,nan,nan,nan,nan,-0.0106263489456,-0.0249989224637,0.00724119284958,nan,nan,nan,nan,nan,nan,nan,nan,nan,nan,nan,nan,nan,nan,nan,nan,nan,nan,nan,nan,nan,-0.0249918431364,-0.0221138740539,-0.0118083812025,nan,nan,nan,nan,nan,nan,nan,nan,nan,-0.0249996374548,0.00724893059419,0.000714818437756,0.0246604771455,0.0146409382909,0.0237576368134,nan,nan,nan,0.0249861184833,-0.012951712126,-0.0133071648284,nan,nan,nan,nan,nan,nan,nan,nan,nan,nan,nan,nan,nan,nan,nan,nan,nan,nan,nan,nan,nan,nan,nan,nan,-2.31308992814,-26.1006951049,1.72174078536,-3.16541549128e-18,3.023100319e-18,4.15760198138e-17,nan,nan,nan,nan,nan,nan,nan,nan,nan,nan,nan,nan,nan,nan,nan,nan,nan,nan,nan,nan,nan,nan,nan,nan,nan,nan,nan,nan,nan,nan,nan,nan,nan,nan,nan,nan,nan,nan,nan,nan,nan,nan,-21.4708331099,9.90161438912,0.249683764091,0.000556040897183,-3.54651538386e-05,0.000195270801222,nan,nan,nan,nan,nan,nan,nan,nan,nan,nan,nan,nan,nan,nan,nan,nan,nan,nan,-11.5590595133,5.16918810921,-5.03630781132,0.0,0.0,0.0,6.37184986895,0.626743531842,3.00414357483,4.57036093736e-18,-4.6776173258e-17,6.49137729727e-20,nan,nan,nan,nan,nan,nan,28.8892136809,8.47825094751,9.99134513469,0.00958866147963,0.000160409338773,-0.000172789728788
0.05,0.05,0.05,-0.0,0.02,0.055,0.984189054973,-0.173539833366,0.00614419410029,0.0349009911866,0.0462090348106,0.0191532758937,0.108433629027,-0.63250996775,-0.314758721144,0.589401523518,0.391744728407,-0.00565219280428,-5.79922727617e-07,0.333948635866,0.422134054525,0.453411176582,0.552243279522,0.678129691118,0.305959437513,0.774489880431,0.769597064886,0.310386310087,0.769244200583,0.77449156593,0.766252874126,0.318425430547,0.511642539714,0.0776613524983,0.563999564059,0.302411623984,0.119650126092,0.58213620135,0.20720414692,0.352282943812,0.369477059824,0.497393331622,0.531339972804,0.729565013813,0.718053278461,0.938937286887,0.000248445180878,0.0884809346536,0.434339178256,0.669442877826,nan,nan,nan,nan,nan,nan,nan,nan,nan,nan,nan,nan,-0.0105803402078,-0.0249969611371,0.00819547857086,nan,nan,nan,nan,nan,nan,nan,nan,nan,nan,nan,nan,nan,nan,nan,nan,nan,nan,nan,nan,nan,-0.0249818388456,-0.0214030918578,-0.0106557539387,nan,nan,nan,nan,nan,nan,nan,nan,nan,-0.0249993313939,0.00726513333912,0.00242344112898,0.0246618638841,0.0170384779191,0.0237511260334,nan,nan,nan,0.024979978134,-0.0110200448899,-0.0140899734491,nan,nan,nan,nan,nan,nan,nan,nan,nan,nan,nan,nan,nan,nan,nan,nan,nan,nan,nan,nan,nan,nan,nan,nan,0.0,0.0,0.0,0.0,0.0,0.0,nan,nan,nan,nan,nan,nan,nan,nan,nan,nan,nan,nan,nan,nan,nan,nan,nan,nan,nan,nan,nan,nan,nan,nan,nan,nan,nan,nan,nan,nan,nan,nan,nan,nan,nan,nan,nan,nan,nan,nan,nan,nan,-24.5956767725,-4.80101744625,-7.98825862649,-0.000677681121018,-1.42939479093e-05,1.76719248916e-06,nan,nan,nan,nan,nan,nan,nan,nan,nan,nan,nan,nan,nan,nan,nan,nan,nan,nan,-31.36684414,-0.70021518141,2.35977584963,-0.0116710456683,7.33839376735e-06,-1.14196947021e-05,22.6896873504,6.54218211854,3.21026826877,-2.07451046763e-17,-4.84922416232e-19,1.47611461175e-16,nan,nan,nan,nan,nan,nan,33.0853663802,1.80252768896,-0.811477522774,-0.00569450932394,-0.000147461382392,6.64764951653e-05
0.05,0.05,0.05,-0.0,0.02,0.055,0.981007665331,-0.190689546184,0.0067513839326,0.0348694185987,0.0458901807873,0.0186595485278,0.107989089165,-0.640373206477,-0.309659775192,0.584602269521,0.390221945212,-0.000179610944805,-1.30267174825e-09,0.335472943305,0.432464317789,0.448240955621,0.559865321401,0.689992496821,0.306374043217,0.775675758806,0.770714939694,0.310542210904,0.770551466628,0.775605666557,0.767652344471,0.321137474051,0.509786538726,0.071625550611,0.565362780313,0.305104259031,0.121999374968,0.582869814446,0.200716202552,0.351291705908,0.357683541268,0.499371097125,0.529098288591,0.729368991431,0.715621920275,0.94849594956,0.000524484152248,0.084896725696,0.435033770681,0.67787867979,nan,nan,nan,nan,nan,nan,nan,nan,nan,nan,nan,nan,-0.0105725819379,-0.0250022723279,0.00768576400095,nan,nan,nan,nan,nan,nan,nan,nan,nan,nan,nan,nan,nan,nan,nan,nan,nan,nan,nan,nan,nan,-0.0249784740972,-0.0218809471301,-0.011706178571,nan,nan,nan,nan,nan,nan,nan,nan,nan,-0.0249970594997,0.00770915213361,0.000934804630785,0.0246615224038,0.0158921274911,0.0237560246937,nan,nan,nan,0.0249994586726,-0.0109369548262,-0.0136890172726,nan,nan,nan,nan,nan,nan,nan,nan,nan,nan,nan,nan,nan,nan,nan,nan,nan,nan,nan,nan,nan,nan,nan,nan,0.0938227958886,-5.79338113059e-06,0.123476357931,1.54419194869e-20,9.42700169217e-20,-1.17290300935e-20,nan,nan,nan,nan,nan,nan,nan,nan,nan,nan,nan,nan,nan,nan,nan,nan,nan,nan,nan,nan,nan,nan,nan,nan,nan,nan,nan,nan,nan,nan,nan,nan,nan,nan,nan,nan,nan,nan,nan,nan,nan,nan,-25.7729113039,-5.67859844132,-3.50712993052,-0.000995883648838,9.47299000767e-06,1.20158977081e-05,nan,nan,nan,nan,nan,nan,nan,nan,nan,nan,nan,nan,nan,nan,nan,nan,nan,nan,-3.92788452105,1.39174469447,-1.36088224927,9.46310553087e-18,2.82799468485e-17,1.60813343825e-18,5.44753786216,-0.000296778244429,3.16640880846,0.0,0.0,0.0,nan,nan,nan,nan,nan,nan,25.382011835,2.40132726484,3.61515351842,1.45501059261e-18,3.28677289496e-19,-1.04339574035e-17
0.05,0.05,0.05,-0.0,0.02,0.055,0.977544342636,-0.207780923045,0.00735663268106,0.0343515087769,0.0458368789337,0.0182296112902,0.10676825233,-0.643616257502,-0.307443219457,0.585539675143,0.385201335308,0.000425895756462,-9.54567562772e-08,0.356005161336,0.43043775954,0.469250580403,0.557288982305,0.693262695888,0.305767479841,0.773579565372,0.768712150841,0.310106137872,0.76900237017,0.77374915649,0.766312122833,0.318140421738,0.508918855541,0.0747887940896,0.565169645285,0.309184550128,0.131227355815,0.590147134049,0.193179561491,0.346208840343,0.370983726832,0.495650297566,0.533092932878,0.72948931713,0.716084205373,0.946628691348,0.00115029202349,0.0835316451716,0.431319447671,0.663489793617,nan,nan,nan,nan,nan,nan,nan,nan,nan,nan,nan,nan,-0.0104592979031,-0.0250034907033,0.00745415202813,nan,nan,nan,nan,nan,nan,nan,nan,nan,nan,nan,nan,nan,nan,nan,nan,nan,nan,nan,nan,nan,-0.0249941094265,-0.0224236680701,-0.0112898367311,nan,nan,nan,nan,nan,nan,nan,nan,nan,-0.0249928038803,0.0069674562948,0.00122455163975,0.024665988796,0.0140089698807,0.0237389303445,nan,nan,nan,0.0249760386805,-0.0134481621313,-0.0137879478631,nan,nan,nan,nan,nan,nan,nan,nan,nan,nan,nan,nan,nan,nan,nan,nan,nan,nan,nan,nan,nan,nan,nan,nan,-2.95217749914,-27.0382336203,-0.445098805185,-9.64440846803e-17,1.03455692875e-17,1.1220289359e-17,nan,nan,nan,nan,nan,nan,nan,nan,nan,nan,nan,nan,nan,nan,nan,nan,nan,nan,nan,nan,nan,nan,nan,nan,nan,nan,nan,nan,nan,nan,nan,nan,nan,nan,nan,nan,nan,nan,nan,nan,nan,nan,-25.5608941689,14.232693079,4.51860626898,0.0,0.0,0.0,nan,nan,nan,nan,nan,nan,nan,nan,nan,nan,nan,nan,nan,nan,nan,nan,nan,nan,0.0,0.0,0.0,0.0,0.0,0.0,0.0,0.0,0.0,0.0,0.0,0.0,nan,nan,nan,nan,nan,nan,28.7605666834,10.0001278458,5.11842250994,-0.000657254454794,1.13934808711e-05,-3.8901331697e-05
0.05,0.05,0.05,-0.0,0.02,0.055,0.97376001067,-0.224810002463,0.00795950008722,0.0344753647097,0.0460958660196,0.019050941465,0.108653472644,-0.634844967757,-0.316614425308,0.585998302096,0.391577786067,-0.00366392055437,2.46848618781e-05,0.327319088147,0.432799136875,0.441661042735,0.556849127654,0.681737693218,0.30590575077,0.774567753195,0.769455086276,0.310410292769,0.769603515436,0.774488568087,0.766585062548,0.315739645503,0.508708047458,0.0733037920724,0.564729930509,0.304200372586,0.113190938917,0.583353440626,0.20459443657,0.351680505943,0.365762873587,0.497887269637,0.524515772115,0.726594795121,0.710196957468,0.947602463134,-0.000246323166783,0.0863054418006,0.436641165925,0.668194727904,nan,nan,nan,nan,nan,nan,nan,nan,nan,nan,nan,nan,-0.01044250171,-0.0250009456935,0.00804947369219,nan,nan,nan,nan,nan,nan,nan,nan,nan,nan,nan,nan,nan,nan,nan,nan,nan,nan,nan,nan,nan,-0.0249648350089,-0.0217404511906,-0.0111707234019,nan,nan,nan,nan,nan,nan,nan,nan,nan,-0.0249961566068,0.00732912359662,0.00157639900754,0.0246674786353,0.0170915696509,0.0237467962998,nan,nan,nan,0.0249971087418,-0.0095326845218,-0.0141612967096,nan,nan,nan,nan,nan,nan,nan,nan,nan,nan,nan,nan,nan,nan,nan,nan,nan,nan,nan,nan,nan,nan,nan,nan,-3.01634554557,-27.3373417326,2.37776576617,0.0,0.0,0.0,nan,nan,nan,nan,nan,nan,nan,nan,nan,nan,nan,nan,nan,nan,nan,nan,nan,nan,nan,nan,nan,nan,nan,nan,nan,nan,nan,nan,nan,nan,nan,nan,nan,nan,nan,nan,nan,nan,nan,nan,nan,nan,-6.98712259889,6.07629868322,5.28251336307,0.0,0.0,0.0,nan,nan,nan,nan,nan,nan,nan,nan,nan,nan,nan,nan,nan,nan,nan,nan,nan,nan,-27.8056785731,10.6491696092,-8.61401917715,0.0,0.0,0.0,12.0067109604,2.43458604716,9.80715579513,0.0,0.0,0.0,nan,nan,nan,nan,nan,nan,27.1628030173,3.83900798676,-3.53767824472,-0.00262678850617,-8.64583092389e-06,8.45090359088e-06
0.05,0.05,0.05,-0.0,0.02,0.055,0.969691638335,-0.241770408481,0.0085600144625,0.0342333503744,0.046440938779,0.019402841725,0.109029731188,-0.629361388841,-0.315014378491,0.590465257405,0.394994890319,-0.00498568084022,8.02301510472e-06,0.332149577633,0.422007900007,0.430726176087,0.551880743484,0.677680618704,0.305831014154,0.775067230561,0.768571142692,0.310382856445,0.769367596281,0.775012511853,0.765957515599,0.319794250703,0.512847345249,0.0769249702216,0.563537898075,0.297816476379,0.119847727697,0.573461494447,0.210487448837,0.354726107368,0.36624513776,0.498473177184,0.528407731573,0.729610899556,0.715986104751,0.942115341367,0.00141794166104,0.0886960656376,0.433200735989,0.666296311333,nan,nan,nan,nan,nan,nan,nan,nan,nan,nan,nan,nan,-0.0108045119102,-0.0250061188181,0.0084821687691,nan,nan,nan,nan,nan,nan,nan,nan,nan,nan,nan,nan,nan,nan,nan,nan,nan,nan,nan,nan,nan,-0.0249981319913,-0.0211831179727,-0.0105034169081,nan,nan,nan,nan,nan,nan,nan,nan,nan,-0.0249987654507,0.00716905403569,0.0027148218136,0.0246636052108,0.0180706772109,0.0237518231547,nan,nan,nan,0.0249650079339,-0.0103776869472,-0.0139091672382,nan,nan,nan,nan,nan,nan,nan,nan,nan,nan,nan,nan,nan,nan,nan,nan,nan,nan,nan,nan,nan,nan,nan,nan,-2.70249152686,-19.9004196538,1.63943812495,3.90758886315e-18,-4.94430361385e-18,-5.35753619985e-17,nan,nan,nan,nan,nan,nan,nan,nan,nan,nan,nan,nan,nan,nan,nan,nan,nan,nan,nan,nan,nan,nan,nan,nan,nan,nan,nan,nan,nan,nan,nan,nan,nan,nan,nan,nan,nan,nan,nan,nan,nan,nan,-17.9553469301,7.56163150538,-0.209476649126,-0.000818287841952,3.42597304668e-06,3.21848856707e-07,nan,nan,nan,nan,nan,nan,nan,nan,nan,nan,nan,nan,nan,nan,nan,nan,nan,nan,0.0,0.0,0.0,0.0,0.0,0.0,3.02280597415,-8.68616430892e-05,1.74912788646,1.15795935632e-20,-2.21447462468e-17,-2.11113172066e-20,nan,nan,nan,nan,nan,nan,18.6119834946,7.85997947248,4.07329902514,-0.00267554317977,-8.95283869183e-06,1.73321102088e-05
0.05,0.05,0.05,-0.0,0.02,0.055,0.965319855559,-0.258659961297,0.0091578986297,0.0341867485745,0.046198042134,0.0189881872526,0.108040781104,-0.637271062597,-0.307473054017,0.588851610068,0.3906401095,-0.00595923220099,-3.03387892586e-09,0.329388466804,0.432695787197,0.449710912891,0.556442808121,0.689146017577,0.305884010119,0.77445706016,0.769661122472,0.310227012145,0.769758389016,0.774290422896,0.766482496293,0.313784979819,0.509478380123,0.0755826075,0.56481702879,0.307978138452,0.128494677322,0.585254226361,0.194735865062,0.350066276755,0.368277529658,0.497616410126,0.533596198561,0.730153416738,0.718798438653,0.941954627629,-2.6951965113e-06,0.0861057358689,0.433698439633,0.657278998394,nan,nan,nan,nan,nan,nan,nan,nan,nan,nan,nan,nan,-0.0110971059308,-0.0249962210476,0.00853062117783,nan,nan,nan,nan,nan,nan,nan,nan,nan,nan,nan,nan,nan,nan,nan,nan,nan,nan,nan,nan,nan,-0.0249800926529,-0.0213533706373,-0.0105795663935,nan,nan,nan,nan,nan,nan,nan,nan,nan,-0.024999483196,0.00837256399154,0.00175004286104,0.0246575294896,0.0161621362206,0.023751885623,nan,nan,nan,0.0249896186745,-0.0112639425502,-0.0136893480851,nan,nan,nan,nan,nan,nan,nan,nan,nan,nan,nan,nan,nan,nan,nan,nan,nan,nan,nan,nan,nan,nan,nan,nan,0.0957289134994,-19.3107218096,-0.0756364141177,0.0,0.0,0.0,nan,nan,nan,nan,nan,nan,nan,nan,nan,nan,nan,nan,nan,nan,nan,nan,nan,nan,nan,nan,nan,nan,nan,nan,nan,nan,nan,nan,nan,nan,nan,nan,nan,nan,nan,nan,nan,nan,nan,nan,nan,nan,-22.0285772469,-1.19146975928,-4.3983185802,-0.00165802157064,-1.81033099059e-05,5.97930950976e-06,nan,nan,nan,nan,nan,nan,nan,nan,nan,nan,nan,nan,nan,nan,nan,nan,nan,nan,-44.3866223057,10.6379175332,-10.0340734943,4.08590644848e-18,-1.63582233526e-17,-3.54170235569e-17,34.1650314886,9.40023643505,18.7679882148,0.0,0.0,0.0,nan,nan,nan,nan,nan,nan,35.2372838962,-2.6190803139,5.54055866836,-0.00505465525321,-7.89170674346e-06,-2.36157824495e-05
0.05,0.05,0.05,-0.0,0.02,0.055,0.960658965579,-0.27545970339,0.00975288949826,0.0340761618624,0.0462680951974,0.0190995146271,0.107769469069,-0.633802741739,-0.315268719433,0.591104908716,0.386645452583,-0.000387344331443,-6.17764767341e-07,0.335264632813,0.42779060341,0.457063342365,0.557656738104,0.686003564424,0.305034256646,0.772016150105,0.766639712118,0.309216103819,0.766967326065,0.771923926425,0.76359346654,0.310110545593,0.515185096518,0.0862636325078,0.562809005971,0.301269439167,0.123325342933,0.573101168123,0.194880977323,0.359029193567,0.369111443957,0.49942944599,0.531150579093,0.727670272143,0.716017407158,0.936401874722,0.000865765726579,0.0798408692724,0.435242156025,0.647152250647,nan,nan,nan,nan,nan,nan,nan,nan,nan,nan,nan,nan,-0.0108610949902,-0.024995783338,0.00819110385229,nan,nan,nan,nan,nan,nan,nan,nan,nan,nan,nan,nan,nan,nan,nan,nan,nan,nan,nan,nan,nan,-0.0249811180076,-0.0214424991567,-0.0108240482029,nan,nan,nan,nan,nan,nan,nan,nan,nan,-0.0249877479124,0.00711174195161,0.00268944218717,0.0246745109985,0.0159357786702,0.0237306486841,nan,nan,nan,0.0249883509579,-0.0114260820249,-0.0141576074405,nan,nan,nan,nan,nan,nan,nan,nan,nan,nan,nan,nan,nan,nan,nan,nan,nan,nan,nan,nan,nan,nan,nan,nan,0.0,0.0,0.0,0.0,0.0,0.0,nan,nan,nan,nan,nan,nan,nan,nan,nan,nan,nan,nan,nan,nan,nan,nan,nan,nan,nan,nan,nan,nan,nan,nan,nan,nan,nan,nan,nan,nan,nan,nan,nan,nan,nan,nan,nan,nan,nan,nan,nan,nan,-16.9234514079,-1.58682662598,-5.03286895781,-5.43384338316e-05,1.76073910305e-06,-2.47392728381e-07,nan,nan,nan,nan,nan,nan,nan,nan,nan,nan,nan,nan,nan,nan,nan,nan,nan,nan,-28.7272029915,1.44535232186,-1.94742903538,-0.00695502000116,-2.53937350058e-05,1.9678270842e-05,20.1390466219,-0.879577921943,3.05697497919,0.0,0.0,0.0,nan,nan,nan,nan,nan,nan,29.0804638549,-1.72580116359,8.40517768381,-0.000467624711457,-8.27725300402e-07,-1.6395825443e-06
0.05,0.05,0.05,-0.0,0.02,0.055,0.955714060729,-0.29219124149,0.010345043955,0.0335841121333,0.0458682647836,0.0178029343139,0.106253615882,-0.643447315884,-0.306123097883,0.58544755227,0.386672166267,0.00604145452901,-0.000449218453265,0.360100977467,0.441623253468,0.465353476804,0.566489797418,0.693006044765,0.305149018213,0.772027080599,0.767678662341,0.309555798786,0.767601890982,0.77177959993,0.763606095396,0.310262439028,0.511573952077,0.0793654465385,0.562139746211,0.303525118255,0.120864951126,0.585153907485,0.190852978127,0.349912826023,0.364054093561,0.495638610731,0.531179467269,0.727256972635,0.716685486126,0.951290117913,0.000444191376474,0.0832578574932,0.431522429701,0.661910881612,nan,nan,nan,nan,nan,nan,nan,nan,nan,nan,nan,nan,-0.0102384053509,-0.0250007834759,0.00781635701397,nan,nan,nan,nan,nan,nan,nan,nan,nan,nan,nan,nan,nan,nan,nan,nan,nan,nan,nan,nan,nan,-0.0249617654755,-0.0228458371284,-0.0115146596313,nan,nan,nan,nan,nan,nan,nan,nan,nan,-0.0249984423302,0.00617622391731,0.000986528200372,0.0246717825943,0.0134538600717,0.0237401950401,nan,nan,nan,0.0249772615107,-0.0138226213057,-0.01392530121,nan,nan,nan,nan,nan,nan,nan,nan,nan,nan,nan,nan,nan,nan,nan,nan,nan,nan,nan,nan,nan,nan,nan,nan,-5.42783177834e-05,-1.00757682619,-2.10062876874e-05,-1.03668276654e-19,-1.34533976159e-23,9.13168077149e-19,nan,nan,nan,nan,nan,nan,nan,nan,nan,nan,nan,nan,nan,nan,nan,nan,nan,nan,nan,nan,nan,nan,nan,nan,nan,nan,nan,nan,nan,nan,nan,nan,nan,nan,nan,nan,nan,nan,nan,nan,nan,nan,-21.0810794928,-0.00560875770802,-2.29172743332,1.79297777698e-05,2.51829579785e-06,1.76772207545e-07,nan,nan,nan,nan,nan,nan,nan,nan,nan,nan,nan,nan,nan,nan,nan,nan,nan,nan,0.0,0.0,0.0,0.0,0.0,0.0,0.0,0.0,0.0,0.0,0.0,0.0,nan,nan,nan,nan,nan,nan,22.7421080619,-0.101163568315,3.81785204124,0.00311716952219,1.74231039768e-05,-7.68677183515e-05
0.05,0.05,0.05,-0.0,0.02,0.055,0.950458066601,-0.308819371807,0.0109339777584,0.0337713985649,0.0466951608376,0.0314091650367,0.120102313258,-0.660127628477,-0.275219812155,0.596280179713,0.364603231473,0.379832076281,0.0597991078807,0.172030259997,0.386319455035,0.278579742834,0.506787859528,0.573392834743,0.307958717649,0.780690130856,0.775745374929,0.312727089314,0.773986357167,0.780633943699,0.772470631829,0.272722872104,0.526000865548,0.112647987039,0.580562531686,0.336734813252,0.148193452625,0.613603301331,0.153978736323,0.517728169779,0.766914456467,0.634984006635,0.774920316452,0.777180878092,0.772757603634,0.792420993985,-8.4023721314e-10,3.86869203339e-10,0.565085270574,0.558625099051,nan,nan,nan,nan,nan,nan,nan,nan,nan,nan,nan,nan,nan,nan,nan,nan,nan,nan,nan,nan,nan,nan,nan,nan,nan,nan,nan,nan,nan,nan,nan,nan,nan,nan,nan,nan,-0.0249950922357,0.000795971546642,-0.0135034699399,nan,nan,nan,nan,nan,nan,nan,nan,nan,nan,nan,nan,0.0246258063818,0.0227416837183,0.0237924076931,nan,nan,nan,0.0249951538734,-0.00860437412047,-0.00491271544145,nan,nan,nan,nan,nan,nan,nan,nan,nan,nan,nan,nan,nan,nan,nan,nan,nan,nan,nan,nan,nan,nan,nan,nan,nan,nan,nan,nan,nan,nan,nan,nan,nan,nan,nan,nan,nan,nan,nan,nan,nan,nan,nan,nan,nan,nan,nan,nan,nan,nan,nan,nan,nan,nan,nan,nan,nan,nan,nan,nan,nan,nan,nan,nan,nan,nan,nan,nan,nan,nan,nan,nan,-26.3854180715,5.81731299273,-6.8187975019,-0.0162567989888,8.21196826702e-06,7.03226431636e-06,nan,nan,nan,nan,nan,nan,nan,nan,nan,nan,nan,nan,nan,nan,nan,nan,nan,nan,nan,nan,nan,nan,nan,nan,0.0,0.0,0.0,0.0,0.0,0.0,nan,nan,nan,nan,nan,nan,27.3561190606,-5.8004854424,11.888455433,0.0017672593152,-2.89469821026e-06,-1.41563562975e-06
0.05,0.05,0.05,-0.0,0.02,0.055,0.944931812193,-0.325360623977,0.0115200220931,0.0333410222025,0.047470782322,0.0347420892456,0.122212249236,-0.647089553257,-0.289603892408,0.599250439235,0.371891928716,0.384334506449,0.075611141067,0.186226884877,0.38733837215,0.291858391294,0.500296191971,0.550520141458,0.305077176971,0.773350861294,0.76765456496,0.309593562462,0.766533601341,0.773462253903,0.764864534939,0.225948187817,0.53987236122,0.143546887033,0.580810920062,0.34096267892,0.124499101304,0.608454031406,0.152537439022,0.529263270727,0.75278438427,0.632489887525,0.757409682013,0.772999549134,0.76449972647,0.744741462613,-8.89379236924e-10,-2.12373052477e-09,0.570948400034,0.503665444836,nan,nan,nan,nan,nan,nan,nan,nan,nan,nan,nan,nan,-0.0249972195199,-0.0136607573672,0.00168091476922,nan,nan,nan,nan,nan,nan,nan,nan,nan,nan,nan,nan,nan,nan,nan,nan,nan,nan,nan,nan,nan,-0.0249977775046,0.00459871522739,-0.0114089516867,nan,nan,nan,nan,nan,nan,nan,nan,nan,nan,nan,nan,0.0242372131361,0.0237700067538,0.0237706572408,nan,nan,nan,0.0249989583391,-0.00624096986483,-0.00392800761694,nan,nan,nan,nan,nan,nan,nan,nan,nan,nan,nan,nan,nan,nan,nan,nan,nan,nan,nan,nan,nan,nan,nan,nan,-1.45688385728e-05,3.57237761772,3.57273545637,-4.55627275575e-19,-1.22892743838e-17,1.22880416546e-17,nan,nan,nan,nan,nan,nan,nan,nan,nan,nan,nan,nan,nan,nan,nan,nan,nan,nan,nan,nan,nan,nan,nan,nan,nan,nan,nan,nan,nan,nan,nan,nan,nan,nan,nan,nan,nan,nan,nan,nan,nan,nan,-26.1956903741,4.48368893202,-9.10930212149,-0.0114671429741,-1.4321752858e-07,6.22061245357e-06,nan,nan,nan,nan,nan,nan,nan,nan,nan,nan,nan,nan,nan,nan,nan,nan,nan,nan,nan,nan,nan,nan,nan,nan,2.78270974777,1.25016297489,1.12501205678,1.16885307727e-17,-2.39089462121e-17,-2.34282750948e-18,nan,nan,nan,nan,nan,nan,25.6255609205,-10.3345456495,8.5589661707,-2.12280867084e-18,-2.00844230337e-17,-1.78952949125e-17
0.05,0.05,0.05,-0.0,0.02,0.055,0.939097566062,-0.341809114105,0.0121019686343,0.0334040908525,0.0470185601413,0.0339916392386,0.121966886147,-0.657237962245,-0.275539791763,0.602099660821,0.359989003414,0.381390708728,0.0706622686217,0.184585553794,0.392058038499,0.286106742933,0.504027500852,0.565531950983,0.305769731734,0.775284181245,0.76999061544,0.310763915154,0.768686164873,0.775247691046,0.767134773649,0.249173453283,0.531203400782,0.129950408077,0.580727755742,0.340475616537,0.142603015347,0.610830858198,0.152884511634,0.526128950151,0.756489866186,0.636318663426,0.762848119479,0.774322026072,0.766473175472,0.77858668817,-9.80236336545e-10,-2.0859875578e-06,0.554484009903,0.501611553338,nan,nan,nan,nan,nan,nan,nan,nan,nan,nan,nan,nan,-0.0249983216559,-0.0132602161847,0.00128671164772,nan,nan,nan,nan,nan,nan,nan,nan,nan,nan,nan,nan,nan,nan,nan,nan,nan,nan,nan,nan,nan,-0.0249986410064,0.00418781509009,-0.0155473039557,nan,nan,nan,nan,nan,nan,nan,nan,nan,nan,nan,nan,nan,nan,nan,nan,nan,nan,0.0250005899904,-0.00695407900502,-0.00552396011687,nan,nan,nan,nan,nan,nan,nan,nan,nan,nan,nan,nan,nan,nan,nan,nan,nan,nan,nan,nan,nan,nan,nan,nan,-1.89678111157,3.19027378475,1.03132430929,-2.19803129827e-17,-1.22180728092e-17,-2.63044813763e-18,nan,nan,nan,nan,nan,nan,nan,nan,nan,nan,nan,nan,nan,nan,nan,nan,nan,nan,nan,nan,nan,nan,nan,nan,nan,nan,nan,nan,nan,nan,nan,nan,nan,nan,nan,nan,nan,nan,nan,nan,nan,nan,-20.0335329093,3.49362918849,-4.99733172487,-2.15076176673e-18,-6.64981541313e-18,3.9731937966e-18,nan,nan,nan,nan,nan,nan,nan,nan,nan,nan,nan,nan,nan,nan,nan,nan,nan,nan,nan,nan,nan,nan,nan,nan,nan,nan,nan,nan,nan,nan,nan,nan,nan,nan,nan,nan,23.7998909153,-7.75574729577,8.10456747718,1.73945196431e-18,1.60186938346e-17,1.02211715346e-17
0.05,0.05,0.05,-0.0,0.02,0.055,0.933002423993,-0.358140930471,0.0126800329434,0.0328750286614,0.0471222526074,0.0341367470072,0.121607732103,-0.656137040093,-0.274323619436,0.607144039474,0.354410569494,0.377866801742,0.0737065214515,0.188451824932,0.39453292995,0.288557372659,0.502287991292,0.568222579139,0.305448433758,0.773643725674,0.769184889693,0.310236207363,0.767811490618,0.773383839869,0.766233354185,0.243836474452,0.532326925503,0.134265060288,0.581347424663,0.34478972656,0.144975230447,0.610233069357,0.152724204146,0.525729698426,0.761644109877,0.635188621705,0.763307559283,0.770978373768,0.765908070623,0.7763892032,-7.35488114856e-10,-3.94997156246e-05,0.546770203526,0.481213426027,nan,nan,nan,nan,nan,nan,nan,nan,nan,nan,nan,nan,-0.0249962719942,-0.0129573620805,0.00154734020501,nan,nan,nan,nan,nan,nan,nan,nan,nan,nan,nan,nan,nan,nan,nan,nan,nan,nan,nan,nan,nan,-0.0249930719741,0.00476105221993,-0.0142593468498,nan,nan,nan,nan,nan,nan,nan,nan,nan,nan,nan,nan,0.0247055543124,0.0230004131296,0.0235651147789,nan,nan,nan,0.0249894390332,-0.00790440242042,-0.00591655959223,nan,nan,nan,nan,nan,nan,nan,nan,nan,nan,nan,nan,nan,nan,nan,nan,nan,nan,nan,nan,nan,nan,nan,nan,-4.45076879267,-0.973474840323,-4.12964605039,0.0,0.0,0.0,nan,nan,nan,nan,nan,nan,nan,nan,nan,nan,nan,nan,nan,nan,nan,nan,nan,nan,nan,nan,nan,nan,nan,nan,nan,nan,nan,nan,nan,nan,nan,nan,nan,nan,nan,nan,nan,nan,nan,nan,nan,nan,-19.4370556718,6.47005247329,-1.17162639276,-0.0115324062608,7.82883582354e-06,7.50009390631e-06,nan,nan,nan,nan,nan,nan,nan,nan,nan,nan,nan,nan,nan,nan,nan,nan,nan,nan,nan,nan,nan,nan,nan,nan,0.0,0.0,0.0,0.0,0.0,0.0,nan,nan,nan,nan,nan,nan,25.3824815348,-6.91992843737,8.51996439748,0.00124552351273,2.20964735604e-05,1.7979060404e-05
0.05,0.05,0.05,-0.0,0.02,0.055,0.926596478121,-0.374368577071,0.0132549496195,0.0330369724226,0.0474499324566,0.0346963040337,0.121690325843,-0.652688999366,-0.27790803249,0.607805300918,0.356842979139,0.377568287316,0.0775889507718,0.192010110983,0.396755007094,0.287745299903,0.506902072419,0.562640400889,0.305377848511,0.773173855163,0.768383649065,0.310028860294,0.767502154858,0.773275031893,0.766009282674,0.236069257263,0.537680633167,0.141623087296,0.582519302267,0.344215226736,0.143145178393,0.609147205781,0.15268743378,0.531937797233,0.757049199851,0.636691195973,0.758641134552,0.771733992699,0.765853818633,0.74751380429,-7.60777219e-10,-2.90731798591e-05,0.552193918992,0.486009147525,nan,nan,nan,nan,nan,nan,nan,nan,nan,nan,nan,nan,-0.0249722433158,-0.0125515221312,0.00189072435893,nan,nan,nan,nan,nan,nan,nan,nan,nan,nan,nan,nan,nan,nan,nan,nan,nan,nan,nan,nan,nan,-0.0249903471117,0.00577672610432,-0.0107512576953,nan,nan,nan,nan,nan,nan,nan,nan,nan,nan,nan,nan,nan,nan,nan,nan,nan,nan,0.0249983917544,-0.00818970213725,-0.0045573317174,nan,nan,nan,nan,nan,nan,nan,nan,nan,nan,nan,nan,nan,nan,nan,nan,nan,nan,nan,nan,nan,nan,nan,nan,-2.71225107145e-05,1.06364178073,-0.518401458699,0.0,0.0,0.0,nan,nan,nan,nan,nan,nan,nan,nan,nan,nan,nan,nan,nan,nan,nan,nan,nan,nan,nan,nan,nan,nan,nan,nan,nan,nan,nan,nan,nan,nan,nan,nan,nan,nan,nan,nan,nan,nan,nan,nan,nan,nan,-20.8813106662,6.8767542092,-3.26246286942,0.0,0.0,0.0,nan,nan,nan,nan,nan,nan,nan,nan,nan,nan,nan,nan,nan,nan,nan,nan,nan,nan,nan,nan,nan,nan,nan,nan,nan,nan,nan,nan,nan,nan,nan,nan,nan,nan,nan,nan,21.3113366355,-8.52058985393,8.12758815089,-2.56388669976e-17,-8.81439736457e-17,-2.51784561656e-17
0.05,0.05,0.05,-0.0,0.02,0.055,0.919932553354,-0.390491083842,0.0138250383726,0.0323987504825,0.0474864333041,0.0345480492981,0.12127587653,-0.652058176232,-0.277546968961,0.610374687329,0.353879295661,0.376751677878,0.0767094393956,0.194904087072,0.40103315021,0.286172269533,0.502477109274,0.563258619598,0.305702418438,0.773950563888,0.769751216864,0.310300274138,0.768361272843,0.773656963551,0.766827595204,0.237006443531,0.537202586302,0.140824248854,0.58299911334,0.344290957526,0.154055422007,0.608829429737,0.152851156613,0.529057515069,0.761478636573,0.634600128914,0.761697075544,0.771024067416,0.766395709524,0.744047087189,-1.13536113844e-09,-2.34075079231e-06,0.549110317917,0.481319758943,nan,nan,nan,nan,nan,nan,nan,nan,nan,nan,nan,nan,-0.0249991281817,-0.0127699090792,0.00194824541566,nan,nan,nan,nan,nan,nan,nan,nan,nan,nan,nan,nan,nan,nan,nan,nan,nan,nan,nan,nan,nan,-0.0249936450859,0.00547894696534,-0.0114612083736,nan,nan,nan,nan,nan,nan,nan,nan,nan,nan,nan,nan,0.0246935103488,0.022993555759,0.0235919486678,nan,nan,nan,0.0249983446691,-0.00898091454473,-0.00460383899632,nan,nan,nan,nan,nan,nan,nan,nan,nan,nan,nan,nan,nan,nan,nan,nan,nan,nan,nan,nan,nan,nan,nan,nan,-29.3362988866,-11.266060069,-4.60242485201,2.90413316877e-18,6.84612063304e-18,-3.52695220794e-17,nan,nan,nan,nan,nan,nan,nan,nan,nan,nan,nan,nan,nan,nan,nan,nan,nan,nan,nan,nan,nan,nan,nan,nan,nan,nan,nan,nan,nan,nan,nan,nan,nan,nan,nan,nan,nan,nan,nan,nan,nan,nan,-14.3252179531,4.85110821464,-2.63178416339,0.0,0.0,0.0,nan,nan,nan,nan,nan,nan,nan,nan,nan,nan,nan,nan,nan,nan,nan,nan,nan,nan,nan,nan,nan,nan,nan,nan,10.6049502984,3.37108214221,4.26987728209,7.76539216151e-18,-2.53140748965e-17,6.98902500885e-19,nan,nan,nan,nan,nan,nan,34.6544327893,1.35929756173,9.35235182552,-1.15024524625e-18,1.57317866306e-17,1.9756439574e-18
0.05,0.05,0.05,-0.0,0.02,0.055,0.91296640449,-0.406478399178,0.0143919433206,0.0325657372386,0.0478940997763,0.0347549725922,0.120926071848,-0.648498358083,-0.28060773441,0.612921426032,0.353605011932,0.380009484011,0.0830087802238,0.194527033399,0.400782105438,0.29797903314,0.502852058998,0.550386092421,0.305188608646,0.772646236231,0.767728702345,0.309549202487,0.766728773433,0.772617932298,0.765004775091,0.225642541305,0.542032524414,0.149848464073,0.583858310978,0.345943966758,0.146326442326,0.600954416321,0.152594008519,0.53510466084,0.765539912756,0.635379274016,0.763457114683,0.769106401494,0.764752527321,0.727417747781,-6.03225025486e-10,-5.72648255135e-05,0.550852384655,0.476072244728,nan,nan,nan,nan,nan,nan,nan,nan,nan,nan,nan,nan,-0.0249999469634,-0.0126473924365,0.00237028747438,nan,nan,nan,nan,nan,nan,nan,nan,nan,nan,nan,nan,nan,nan,nan,nan,nan,nan,nan,nan,nan,-0.0249912645183,0.00556379999211,-0.0106767251688,nan,nan,nan,nan,nan,nan,nan,nan,nan,nan,nan,nan,0.0246585878634,0.0228299723234,0.0237160652467,nan,nan,nan,0.0249719862739,-0.00972260495922,-0.0038202614491,nan,nan,nan,nan,nan,nan,nan,nan,nan,nan,nan,nan,nan,nan,nan,nan,nan,nan,nan,nan,nan,nan,nan,nan,-46.5898038757,-20.3149486207,-14.3749830634,-3.51551097369e-17,8.25054271075e-17,-2.65905320234e-18,nan,nan,nan,nan,nan,nan,nan,nan,nan,nan,nan,nan,nan,nan,nan,nan,nan,nan,nan,nan,nan,nan,nan,nan,nan,nan,nan,nan,nan,nan,nan,nan,nan,nan,nan,nan,nan,nan,nan,nan,nan,nan,-20.2691804281,0.222319038123,-5.70779532765,-0.000374279778369,-1.41324032713e-05,-5.50017427828e-07,nan,nan,nan,nan,nan,nan,nan,nan,nan,nan,nan,nan,nan,nan,nan,nan,nan,nan,nan,nan,nan,nan,nan,nan,38.4317387139,11.2431803265,16.249417038,2.79050849422e-17,4.64361650655e-18,-6.92117106981e-17,nan,nan,nan,nan,nan,nan,28.9906670054,5.48395613166,9.80886917862,-0.00186714467394,-2.40988455163e-05,9.91637140872e-06
0.05,0.05,0.05,-0.0,0.02,0.055,0.905738386237,-0.422349247496,0.0149539733564,0.0321786810984,0.0478015167436,0.0347357524227,0.120720709464,-0.651303200995,-0.276976635881,0.613291295498,0.350659194113,0.380031157132,0.0854944807632,0.197755087286,0.399522473395,0.299184547072,0.502302455159,0.556234155158,0.305159928706,0.772508390172,0.768078899947,0.309478506726,0.76700317435,0.772408290001,0.765224808801,0.224772581295,0.54189969373,0.150504723239,0.583870039274,0.348033393692,0.143839742347,0.601382231424,0.152579394876,0.536834665226,0.758952182942,0.638373995503,0.758289283692,0.768466029878,0.765382764119,0.72664735077,-6.87442103242e-10,-7.48003259332e-09,0.546524821282,0.466011575305,nan,nan,nan,nan,nan,nan,nan,nan,nan,nan,nan,nan,-0.0249937406057,-0.0123710433869,0.00215535996312,nan,nan,nan,nan,nan,nan,nan,nan,nan,nan,nan,nan,nan,nan,nan,nan,nan,nan,nan,nan,nan,-0.0249798178158,0.00584907432083,-0.0102934713053,nan,nan,nan,nan,nan,nan,nan,nan,nan,nan,nan,nan,0.0247160453412,0.0228221888485,0.0236177447834,nan,nan,nan,0.0249960533691,-0.0103324032054,-0.00393318519036,nan,nan,nan,nan,nan,nan,nan,nan,nan,nan,nan,nan,nan,nan,nan,nan,nan,nan,nan,nan,nan,nan,nan,nan,-2.50008599359,2.68268124552,0.615300919058,-1.85584853419e-17,-1.69582830759e-17,-1.46942946682e-18,nan,nan,nan,nan,nan,nan,nan,nan,nan,nan,nan,nan,nan,nan,nan,nan,nan,nan,nan,nan,nan,nan,nan,nan,nan,nan,nan,nan,nan,nan,nan,nan,nan,nan,nan,nan,nan,nan,nan,nan,nan,nan,-16.5603855033,4.84931304095,-4.84505641479,0.000521502608954,2.38293870026e-05,2.38403316748e-05,nan,nan,nan,nan,nan,nan,nan,nan,nan,nan,nan,nan,nan,nan,nan,nan,nan,nan,nan,nan,nan,nan,nan,nan,0.0,0.0,0.0,0.0,0.0,0.0,nan,nan,nan,nan,nan,nan,19.4826554598,-6.28075244365,6.2753867328,1.33897965213e-18,-1.62533563741e-17,-2.91078026859e-17
0.05,0.05,0.05,-0.0,0.02,0.055,0.898230314712,-0.438100153497,0.0155110054346,0.0317799614454,0.047816353495,0.0350351109496,0.120721372208,-0.653035913481,-0.27394898542,0.614994466893,0.346810978464,0.383777654754,0.0907378425382,0.201438572356,0.402074563919,0.293027649342,0.506783593904,0.565886083555,0.304856269445,0.77090793562,0.767068576543,0.309260720719,0.766192619905,0.770784522828,0.764552060281,0.221488015695,0.542335928269,0.152351506954,0.584089305721,0.34898655418,0.143794022133,0.599553306271,0.152427155807,0.536931374758,0.762966592204,0.636678134363,0.759312881937,0.768825266689,0.763938368367,0.727047835131,-1.03558672748e-09,-9.11526942815e-09,0.541240157185,0.447181169146,nan,nan,nan,nan,nan,nan,nan,nan,nan,nan,nan,nan,-0.0249989756134,-0.0114906964153,0.00208707696844,nan,nan,nan,nan,nan,nan,nan,nan,nan,nan,nan,nan,nan,nan,nan,nan,nan,nan,nan,nan,nan,-0.0249896766884,0.00633668536575,-0.010302093018,nan,nan,nan,nan,nan,nan,nan,nan,nan,nan,nan,nan,0.0247154713283,0.0227959219453,0.0236168804867,nan,nan,nan,0.0249908103996,-0.0108128783433,-0.00417327661156,nan,nan,nan,nan,nan,nan,nan,nan,nan,nan,nan,nan,nan,nan,nan,nan,nan,nan,nan,nan,nan,nan,nan,nan,-3.53567875427e-05,-3.134630892,-3.13568155754,0.0,0.0,0.0,nan,nan,nan,nan,nan,nan,nan,nan,nan,nan,nan,nan,nan,nan,nan,nan,nan,nan,nan,nan,nan,nan,nan,nan,nan,nan,nan,nan,nan,nan,nan,nan,nan,nan,nan,nan,nan,nan,nan,nan,nan,nan,-47.7047642921,8.60617999326,-16.3862801558,0.000522319906142,-0.000103829446127,-5.4515041878e-05,nan,nan,nan,nan,nan,nan,nan,nan,nan,nan,nan,nan,nan,nan,nan,nan,nan,nan,nan,nan,nan,nan,nan,nan,18.9345729591,-0.923795172216,13.2199446661,-5.17243363145e-17,-6.40941744906e-17,6.9604552363e-17,nan,nan,nan,nan,nan,nan,31.385719125,-6.09102114241,9.87010995165,0.00127759520594,2.0984488801e-05,1.29805013563e-05
0.05,0.05,0.05,-0.0,0.02,0.055,0.890452642227,-0.453711346291,0.0160640476666,0.0313377180203,0.0477302261928,0.0349090128569,0.120497319227,-0.655417758654,-0.271105274755,0.615497379674,0.343645845684,0.385285863635,0.0908052043871,0.201905030455,0.39838444677,0.30658654175,0.501968686193,0.568617597935,0.30452504345,0.770450872248,0.766721744959,0.308925970106,0.765256163969,0.770368145687,0.764009404471,0.219104367775,0.541887191952,0.153319670245,0.582910710841,0.347185144056,0.141949082442,0.599124521253,0.152261273876,0.536768562678,0.76243128757,0.63572473801,0.759525383626,0.768153204098,0.763235610454,0.732919318302,-6.42487840707e-10,1.64138732774e-05,0.537916133365,0.435652009493,nan,nan,nan,nan,nan,nan,nan,nan,nan,nan,nan,nan,nan,nan,nan,nan,nan,nan,nan,nan,nan,nan,nan,nan,nan,nan,nan,nan,nan,nan,nan,nan,nan,nan,nan,nan,-0.0249927477749,0.00620541100168,-0.010821358111,nan,nan,nan,nan,nan,nan,nan,nan,nan,nan,nan,nan,nan,nan,nan,nan,nan,nan,0.0249803465092,-0.011201618519,-0.00459891824296,nan,nan,nan,nan,nan,nan,nan,nan,nan,nan,nan,nan,nan,nan,nan,nan,nan,nan,nan,nan,nan,nan,nan,nan,nan,nan,nan,nan,nan,nan,nan,nan,nan,nan,nan,nan,nan,nan,nan,nan,nan,nan,nan,nan,nan,nan,nan,nan,nan,nan,nan,nan,nan,nan,nan,nan,nan,nan,nan,nan,nan,nan,nan,nan,nan,nan,nan,nan,nan,nan,nan,nan,-20.9767437667,7.84175842706,-4.26527839414,2.66280086313e-17,6.98393984623e-17,-2.55674346132e-18,nan,nan,nan,nan,nan,nan,nan,nan,nan,nan,nan,nan,nan,nan,nan,nan,nan,nan,nan,nan,nan,nan,nan,nan,nan,nan,nan,nan,nan,nan,nan,nan,nan,nan,nan,nan,22.3925522292,-8.12190966567,8.11483543963,0.000416078755124,7.73538185906e-06,7.7380121181e-06
0.05,0.05,0.05,-0.0,0.02,0.055,0.882387324236,-0.469178577256,0.0166109496287,0.0314348377441,0.04777983001,0.0347929999002,0.12024998748,-0.655438725866,-0.270690543464,0.615799236369,0.343391914292,0.387573795183,0.0968392707384,0.20090540724,0.397051287827,0.300450902719,0.511154038176,0.563392354051,0.304769007011,0.770886292274,0.766480426798,0.308979555929,0.766004864297,0.770925898805,0.764114131166,0.217987576859,0.54348881891,0.154025666878,0.58369299513,0.348134863058,0.138807533761,0.600114504854,0.152383370664,0.539850488864,0.763740892306,0.638249676841,0.757684332506,0.767784335719,0.763941129926,0.729139514026,-1.35293021231e-09,-3.07644248387e-06,0.537221321705,0.437966615958,nan,nan,nan,nan,nan,nan,nan,nan,nan,nan,nan,nan,-0.0249965921285,-0.0113709461632,0.00191865788575,nan,nan,nan,nan,nan,nan,nan,nan,nan,nan,nan,nan,nan,nan,nan,nan,nan,nan,nan,nan,nan,-0.0249812610435,0.00613024259378,-0.0104828567385,nan,nan,nan,nan,nan,nan,nan,nan,nan,nan,nan,nan,0.0247176334518,0.0227685586149,0.023621012307,nan,nan,nan,0.0249752271091,-0.0117176057151,-0.00432183918078,nan,nan,nan,nan,nan,nan,nan,nan,nan,nan,nan,nan,nan,nan,nan,nan,nan,nan,nan,nan,nan,nan,nan,nan,0.0,0.0,0.0,0.0,0.0,0.0,nan,nan,nan,nan,nan,nan,nan,nan,nan,nan,nan,nan,nan,nan,nan,nan,nan,nan,nan,nan,nan,nan,nan,nan,nan,nan,nan,nan,nan,nan,nan,nan,nan,nan,nan,nan,nan,nan,nan,nan,nan,nan,-32.9283428776,11.3113779512,-6.01466543473,-0.0201459190092,-1.51587905781e-05,-2.82082987429e-05,nan,nan,nan,nan,nan,nan,nan,nan,nan,nan,nan,nan,nan,nan,nan,nan,nan,nan,nan,nan,nan,nan,nan,nan,-0.211324303466,-0.663657121532,0.577017713125,-2.29611057179e-18,5.83617382033e-19,-1.69669202873e-19,nan,nan,nan,nan,nan,nan,33.9876833117,-9.17993972292,8.26177938271,0.000658419125631,3.97469912371e-05,4.41590624645e-05
0.05,0.05,0.05,-0.0,0.02,0.055,0.874070123,-0.484510068181,0.0171540024139,0.0309379073507,0.0477116878627,0.0347613746182,0.120101714232,-0.656984253884,-0.268244467591,0.617294785866,0.339652385679,0.390281571044,0.100619286289,0.200319614546,0.389576805506,0.314051249552,0.506477745863,0.57230878093,0.304721631871,0.770333181166,0.766581494568,0.308824878653,0.765724762127,0.770068861857,0.764114956041,0.217782797314,0.541890977148,0.153142393893,0.58344660623,0.35077635172,0.136209986666,0.606014394869,0.152358988218,0.53709761452,0.76555166252,0.636533784576,0.762898980822,0.768311105696,0.7641706877,0.73876732415,-6.16618756055e-10,9.94538156007e-06,0.531440996921,0.424262863822,nan,nan,nan,nan,nan,nan,nan,nan,nan,nan,nan,nan,-0.0249934359761,-0.011075109216,0.00199394734533,nan,nan,nan,nan,nan,nan,nan,nan,nan,nan,nan,nan,nan,nan,nan,nan,nan,nan,nan,nan,nan,-0.0249974041396,0.00633144903851,-0.00942615283282,nan,nan,nan,nan,nan,nan,nan,nan,nan,nan,nan,nan,nan,nan,nan,nan,nan,nan,0.0249722923553,-0.0112267180845,-0.00448200756034,nan,nan,nan,nan,nan,nan,nan,nan,nan,nan,nan,nan,nan,nan,nan,nan,nan,nan,nan,nan,nan,nan,nan,nan,0.0,0.0,0.0,0.0,0.0,0.0,nan,nan,nan,nan,nan,nan,nan,nan,nan,nan,nan,nan,nan,nan,nan,nan,nan,nan,nan,nan,nan,nan,nan,nan,nan,nan,nan,nan,nan,nan,nan,nan,nan,nan,nan,nan,nan,nan,nan,nan,nan,nan,-7.47587493813,2.70257417334,1.16585493036,1.09702351707e-17,1.34251154013e-17,3.92242077722e-17,nan,nan,nan,nan,nan,nan,nan,nan,nan,nan,nan,nan,nan,nan,nan,nan,nan,nan,nan,nan,nan,nan,nan,nan,nan,nan,nan,nan,nan,nan,nan,nan,nan,nan,nan,nan,9.76012511185,-3.50487750762,3.50573736555,2.80268840109e-18,7.99699209949e-19,-7.00330318853e-18
0.05,0.05,0.05,-0.0,0.02,0.055,0.865479013921,-0.499689430682,0.0176919798427,0.0307171479225,0.0476939338142,0.0346828374091,0.120155501548,-0.658029074511,-0.268149916599,0.615876257774,0.340278994999,0.38804327515,0.0941985715499,0.202464965978,0.404146542124,0.294417334923,0.508712071217,0.572540367643,0.304623492984,0.770585816141,0.766756249793,0.308816210661,0.765473955449,0.770523249831,0.764164589371,0.219722894914,0.541039043004,0.151951693702,0.583231397865,0.34917567053,0.140826203689,0.600793731185,0.152310566885,0.536859033713,0.761702064447,0.637945352099,0.761657442169,0.767748284243,0.764428455675,0.741439763638,-1.25650245764e-09,-2.81932300972e-06,0.531087140281,0.422471426978,nan,nan,nan,nan,nan,nan,nan,nan,nan,nan,nan,nan,-0.0249976022371,-0.0112746919771,0.00184570644874,nan,nan,nan,nan,nan,nan,nan,nan,nan,nan,nan,nan,nan,nan,nan,nan,nan,nan,nan,nan,nan,-0.0249883686042,0.00608988300105,-0.0108258513899,nan,nan,nan,nan,nan,nan,nan,nan,nan,nan,nan,nan,0.0247219505218,0.0227387882145,0.0236178005417,nan,nan,nan,0.0249957362841,-0.0117722376812,-0.00509305528719,nan,nan,nan,nan,nan,nan,nan,nan,nan,nan,nan,nan,nan,nan,nan,nan,nan,nan,nan,nan,nan,nan,nan,nan,-37.9506204566,-15.7692040692,-11.7359432911,-3.48817798839e-17,1.3989507915e-16,-7.51749425059e-17,nan,nan,nan,nan,nan,nan,nan,nan,nan,nan,nan,nan,nan,nan,nan,nan,nan,nan,nan,nan,nan,nan,nan,nan,nan,nan,nan,nan,nan,nan,nan,nan,nan,nan,nan,nan,nan,nan,nan,nan,nan,nan,-11.9653785385,-0.658061835456,-0.804586047446,-1.33096361966e-18,3.55537855655e-20,1.97643086047e-17,nan,nan,nan,nan,nan,nan,nan,nan,nan,nan,nan,nan,nan,nan,nan,nan,nan,nan,nan,nan,nan,nan,nan,nan,21.438408198,0.689529943704,8.9649501746,-1.24800833482e-17,5.0925117705e-17,2.59274979887e-17,nan,nan,nan,nan,nan,nan,29.4422963601,18.4105092508,11.4583305679,-0.00166233477167,-1.37803396248e-05,1.36415578267e-05
0.05,0.05,0.05,-0.0,0.02,0.055,0.856631534933,-0.51472092229,0.0182240326543,0.0302104311299,0.047945120588,0.0349701208142,0.119748684818,-0.656381868986,-0.269229778177,0.618450067714,0.337931475824,0.399384412307,0.105409295061,0.205862001897,0.397534904476,0.312819197888,0.504780032336,0.571539592586,0.304645356008,0.770629072094,0.766603283691,0.308891558454,0.765794418295,0.770274832496,0.76386252477,0.205837101668,0.547283902341,0.160870283467,0.584342114557,0.347886247612,0.131148103272,0.595436353467,0.152320339443,0.544681480791,0.762386681457,0.638780181074,0.76093777438,0.767387138358,0.763623022614,0.71881162439,-9.41296818269e-10,-2.75154121709e-10,0.530178809207,0.414788231105,nan,nan,nan,nan,nan,nan,nan,nan,nan,nan,nan,nan,-0.0249985280063,-0.0105882660101,0.00204906084572,nan,nan,nan,nan,nan,nan,nan,nan,nan,nan,nan,nan,nan,nan,nan,nan,nan,nan,nan,nan,nan,-0.0249898856267,0.00639431895424,-0.00984257816066,nan,nan,nan,nan,nan,nan,nan,nan,nan,nan,nan,nan,0.0247191989273,0.0227474455446,0.0236216016809,nan,nan,nan,0.024990622159,-0.0130169128795,-0.00417981292619,nan,nan,nan,nan,nan,nan,nan,nan,nan,nan,nan,nan,nan,nan,nan,nan,nan,nan,nan,nan,nan,nan,nan,nan,-19.556038695,-5.01218748427,-10.1577869258,-1.37469350059e-17,1.04442463171e-16,-2.50693990413e-17,nan,nan,nan,nan,nan,nan,nan,nan,nan,nan,nan,nan,nan,nan,nan,nan,nan,nan,nan,nan,nan,nan,nan,nan,nan,nan,nan,nan,nan,nan,nan,nan,nan,nan,nan,nan,nan,nan,nan,nan,nan,nan,-19.5243007348,6.42085382757,-2.10557984661,-0.0331043065791,3.37001028243e-05,5.69272147697e-05,nan,nan,nan,nan,nan,nan,nan,nan,nan,nan,nan,nan,nan,nan,nan,nan,nan,nan,nan,nan,nan,nan,nan,nan,12.6354886457,3.92211601307,9.27805957873,1.14097922196e-17,4.32224586765e-17,-3.38100649903e-17,nan,nan,nan,nan,nan,nan,29.2103225373,-6.56904907854,6.75019952017,0.00139150499941,2.51169433745e-05,2.44742904031e-05
0.05,0.05,0.05,-0.0,0.02,0.055,0.847523235504,-0.52959202177,0.0187500715803,0.0297504718356,0.0479578483463,0.0335965953912,0.118113424711,-0.655025154866,-0.269019711772,0.621689852012,0.334771816429,0.398612860223,0.104713859254,0.205281151175,0.403535337697,0.302815028722,0.510893189691,0.571869322685,0.304917663668,0.770733631682,0.766979102066,0.308995683583,0.766274082693,0.770465691491,0.764827464217,0.205515268363,0.545712117002,0.159410180607,0.584896671351,0.351472404522,0.132622354174,0.601496592019,0.15245692325,0.54249114073,0.764586354001,0.639196860197,0.761697239053,0.767836010277,0.764294571637,0.725768553916,-7.69492913832e-10,-1.56000470319e-07,0.526077716219,0.404769853549,nan,nan,nan,nan,nan,nan,nan,nan,nan,nan,nan,nan,-0.024998420395,-0.0125341018584,0.00239333256117,nan,nan,nan,nan,nan,nan,nan,nan,nan,nan,nan,nan,nan,nan,nan,nan,nan,nan,nan,nan,nan,-0.0249867935595,0.00450975555358,-0.00921852785588,nan,nan,nan,nan,nan,nan,nan,nan,nan,nan,nan,nan,nan,nan,nan,nan,nan,nan,0.0249871879392,-0.0151297266593,-0.00469164767164,nan,nan,nan,nan,nan,nan,nan,nan,nan,nan,nan,nan,nan,nan,nan,nan,nan,nan,nan,nan,nan,nan,nan,nan,-13.2675614442,1.02174641809,-2.28462416332,-0.000117375431449,-6.48707233437e-07,1.72377361631e-06,nan,nan,nan,nan,nan,nan,nan,nan,nan,nan,nan,nan,nan,nan,nan,nan,nan,nan,nan,nan,nan,nan,nan,nan,nan,nan,nan,nan,nan,nan,nan,nan,nan,nan,nan,nan,nan,nan,nan,nan,nan,nan,-21.1437622737,6.40308449699,-3.14130190017,-0.0267905772978,1.51732293387e-05,4.28622851375e-05,nan,nan,nan,nan,nan,nan,nan,nan,nan,nan,nan,nan,nan,nan,nan,nan,nan,nan,nan,nan,nan,nan,nan,nan,nan,nan,nan,nan,nan,nan,nan,nan,nan,nan,nan,nan,32.2915527104,-9.37174174955,10.9373714548,0.000323435504214,6.6638422776e-06,5.71189499113e-06
0.05,0.05,0.05,-0.0,0.02,0.055,0.838154097956,-0.544302661239,0.0192710942214,0.0293418809,0.0471534265241,0.0288101941321,0.112966907946,-0.66639971519,-0.25869854465,0.61591611809,0.33110997881,0.387124956488,0.100606071237,0.205847701989,0.40098205573,0.303083179742,0.508325316531,0.572535954173,0.303328973082,0.765574856557,0.762655904315,0.30711302275,0.762357789069,0.765119499236,0.760262256469,0.202799922592,0.542704443588,0.156736276523,0.580076885929,0.348088708254,0.111791098208,0.60662905466,0.150618540525,0.499956537469,0.69566754052,0.617581080995,0.749533109775,0.764719764472,0.740764542092,0.749906244714,-1.13638787269e-09,-2.24574403518e-09,0.506929214579,0.420372490078,nan,nan,nan,nan,nan,nan,nan,nan,nan,nan,nan,nan,-0.024999413079,-0.0194773900204,0.00138786788203,nan,nan,nan,nan,nan,nan,nan,nan,nan,nan,nan,nan,nan,nan,nan,nan,nan,nan,nan,nan,nan,-0.0249935552694,-0.0025780488267,-0.0102615990034,nan,nan,nan,nan,nan,nan,nan,nan,nan,-0.0248798678616,0.0232697698909,0.00643833459701,nan,nan,nan,nan,nan,nan,0.0249891186547,-0.022050412185,-0.00532385640281,nan,nan,nan,nan,nan,nan,nan,nan,nan,nan,nan,nan,nan,nan,nan,nan,nan,nan,nan,nan,nan,nan,nan,nan,-22.5217001792,-1.40335501365,-4.67735574733,-0.000252419091121,-6.44961396829e-07,4.70967651668e-07,nan,nan,nan,nan,nan,nan,nan,nan,nan,nan,nan,nan,nan,nan,nan,nan,nan,nan,nan,nan,nan,nan,nan,nan,nan,nan,nan,nan,nan,nan,nan,nan,nan,nan,nan,nan,nan,nan,nan,nan,nan,nan,-17.1998832762,6.15360917653,2.73364937301,3.95542442815e-18,-2.21197008827e-18,2.98664630189e-17,nan,nan,nan,nan,nan,nan,nan,nan,nan,nan,nan,nan,nan,nan,nan,nan,nan,nan,0.0,0.0,0.0,0.0,0.0,0.0,nan,nan,nan,nan,nan,nan,nan,nan,nan,nan,nan,nan,38.7875016914,-3.84213864967,3.84227960637,0.000171255114,5.0302591825e-07,5.03704681476e-07
0.05,0.05,0.05,-0.0,0.02,0.055,0.828519794969,-0.558839861706,0.0197859951036,0.0293508553782,0.0473296141941,0.011240226392,0.100838556875,-0.679940766576,-0.10906671279,0.697482954227,0.198248668775,0.221570545694,0.0612328530139,0.30623954705,0.447170413598,0.439605365221,0.522101224125,0.595602538131,0.29322825115,0.736121394347,0.743775140466,0.296973882263,0.741548557431,0.73464980171,0.738272752991,0.0791036221061,0.554421250172,0.2140976267,0.581634282332,0.374317057426,0.00396596713672,0.599921321692,0.323621882516,0.405202046036,0.252324715753,0.494793771404,0.375251832749,0.648266561105,0.579229406327,0.916069982151,0.102344538144,0.285924588205,0.496258722298,0.551572040509,nan,nan,nan,nan,nan,nan,nan,nan,nan,nan,nan,nan,nan,nan,nan,nan,nan,nan,nan,nan,nan,nan,nan,nan,nan,nan,nan,nan,nan,nan,nan,nan,nan,nan,nan,nan,-0.0250087190701,-0.0125200821379,-0.00603861464545,nan,nan,nan,nan,nan,nan,nan,nan,nan,-0.0250648580871,0.013941973701,-0.00409257719865,0.0245812478167,-0.0202846558135,0.0238120288133,nan,nan,nan,nan,nan,nan,nan,nan,nan,nan,nan,nan,nan,nan,nan,nan,nan,nan,nan,nan,nan,nan,nan,nan,nan,nan,nan,nan,nan,nan,nan,nan,nan,nan,nan,nan,nan,nan,nan,nan,nan,nan,nan,nan,nan,nan,nan,nan,nan,nan,nan,nan,nan,nan,nan,nan,nan,nan,nan,nan,nan,nan,nan,nan,nan,nan,nan,nan,nan,nan,nan,nan,nan,nan,nan,nan,nan,nan,-10.3226714902,3.48986941237,-3.93828132445,-2.62605894377e-19,5.16700112628e-18,5.26700655806e-18,nan,nan,nan,nan,nan,nan,nan,nan,nan,nan,nan,nan,nan,nan,nan,nan,nan,nan,-30.3182680664,8.80820359915,-9.94888284437,-5.25064301289e-17,-3.08517954567e-17,1.326938058e-16,36.8507234135,-12.5036796904,37.1353931515,0.000327201688716,-0.00178262046513,-0.00146646864061,nan,nan,nan,nan,nan,nan,nan,nan,nan,nan,nan,nan
0.05,0.05,0.05,-0.0,0.02,0.055,0.818641863371,-0.573221304751,0.020295046195,0.0288261411752,0.0433784908515,0.0170555053258,0.107912894759,-0.63421442889,-0.0165894032629,0.77082669973,0.0576458920435,0.177921251064,0.0286596999429,0.324597605834,0.457511446225,0.411869212819,0.521837343938,0.59911650663,0.300168335573,0.758388874317,0.754972740836,0.303813234407,0.754333690247,0.758042834864,0.751812019714,0.0743709843877,0.565997842437,0.193924860488,0.577520739465,0.330604852034,-3.5629454942e-10,0.572178016779,0.355163245798,0.406122705481,0.2410338253,0.471804826635,0.326987514189,0.642178908148,0.541095004986,0.851940626329,0.137561722374,0.195404212534,0.443930927234,0.511028817875,0.023002775965,0.0226568264948,0.0249424202575,nan,nan,nan,nan,nan,nan,nan,nan,nan,-0.0249999898849,-0.0125727038728,0.00910652112701,nan,nan,nan,nan,nan,nan,nan,nan,nan,nan,nan,nan,nan,nan,nan,nan,nan,nan,nan,nan,nan,-0.02499266607,0.00432837449406,-0.00698987739536,nan,nan,nan,nan,nan,nan,nan,nan,nan,-0.0223106100716,0.0249125682699,-0.00623327507752,0.0245439370088,-0.0234727625607,0.0191729081151,nan,nan,nan,0.000917532926179,-0.0249805079039,-0.013618740119,5.4479068707,4.5112580711,9.08717823978,2.58628804991e-18,1.662574837e-17,-9.80424237406e-18,nan,nan,nan,nan,nan,nan,nan,nan,nan,nan,nan,nan,nan,nan,nan,nan,nan,nan,-31.6181458498,-3.36387140197,-14.0372308807,4.08895221141e-06,8.26533561827e-09,3.97629315668e-09,nan,nan,nan,nan,nan,nan,nan,nan,nan,nan,nan,nan,nan,nan,nan,nan,nan,nan,nan,nan,nan,nan,nan,nan,nan,nan,nan,nan,nan,nan,nan,nan,nan,nan,nan,nan,nan,nan,nan,nan,nan,nan,-8.48587913867,3.12851179381,-3.12772979187,-1.21621645827e-17,-1.15192055085e-17,2.14752209732e-17,nan,nan,nan,nan,nan,nan,nan,nan,nan,nan,nan,nan,nan,nan,nan,nan,nan,nan,-5.20578220441,17.4813268997,-0.64632293646,-0.00378310246923,0.032696072918,0.00189443728266,47.3417322125,-4.54835343908,9.95058100983,0.0123767789201,-0.00317204423964,0.000955198992608,nan,nan,nan,nan,nan,nan,-8.72017266852,-21.0308652424,-1.65682550309,-1.34238440309e-17,5.24897704475e-18,4.02438815916e-18
0.05,0.05,0.05,-0.0,0.02,0.055,0.808511080336,-0.587420784914,0.0207980277904,0.0285323757455,0.0478221946076,0.0175101513057,0.109165211721,-0.697094086598,-0.0184066465815,0.710695773773,0.0929115005371,0.19088154974,0.0280879142041,0.312737385804,0.439072610306,0.427294214559,0.516641821002,0.596455641275,0.29419386046,0.744398569996,0.742028920279,0.298565478974,0.740172522,0.74389744591,0.738183328278,0.0919220038487,0.539228998118,0.175082615283,0.567744357795,0.338719687593,5.6086903264e-05,0.582405200006,0.362362961027,0.372812867068,0.234541482772,0.464885329122,0.345136669571,0.639566426119,0.554288256757,0.820813156021,0.140838858568,0.231680017843,0.429047909796,0.494809671017,nan,nan,nan,nan,nan,nan,nan,nan,nan,nan,nan,nan,nan,nan,nan,nan,nan,nan,nan,nan,nan,nan,nan,nan,nan,nan,nan,nan,nan,nan,nan,nan,nan,nan,nan,nan,-0.0249565132107,0.00335044152913,-0.00856553207978,nan,nan,nan,nan,nan,nan,nan,nan,nan,-0.0226208522422,0.024995448514,-0.00623907028892,0.0244333651429,-0.0228872955917,0.0237607601225,nan,nan,nan,0.00542621217641,-0.0249684423138,-0.00704170021195,nan,nan,nan,nan,nan,nan,nan,nan,nan,nan,nan,nan,nan,nan,nan,nan,nan,nan,nan,nan,nan,nan,nan,nan,nan,nan,nan,nan,nan,nan,nan,nan,nan,nan,nan,nan,nan,nan,nan,nan,nan,nan,nan,nan,nan,nan,nan,nan,nan,nan,nan,nan,nan,nan,nan,nan,nan,nan,nan,nan,nan,nan,nan,nan,nan,nan,nan,nan,nan,nan,nan,nan,-9.85324178,4.53270195163,-4.87710837433,0.00117994111589,-7.2835241047e-06,-6.76429260174e-06,nan,nan,nan,nan,nan,nan,nan,nan,nan,nan,nan,nan,nan,nan,nan,nan,nan,nan,-0.997346112353,1.42112689067,-4.78773420163,-9.54862799576e-06,0.000257988295467,8.33680606467e-07,9.93217781852,-3.9839579443,15.20691629,0.00107650876189,-0.00068742082094,0.000861296252877,nan,nan,nan,nan,nan,nan,4.40793868695,-6.94456088546,4.40853018454,-9.86780295931e-05,-0.00126294745036,9.86756999401e-05
0.05,0.05,0.05,-0.0,0.02,0.055,0.798143739153,-0.601442817646,0.0212940997588,0.0279225727383,0.0468427151907,0.0162953607528,0.109280266163,-0.696682899195,0.00165074628243,0.710444268896,0.0994944912934,0.195046625131,0.0333429824182,0.312428174584,0.431084296307,0.433484457777,0.512766997545,0.597640524589,0.295400316446,0.748256532551,0.745817515451,0.300112468103,0.743489742132,0.747834786209,0.741637122609,0.0923031842273,0.539819676529,0.168970181862,0.567943944792,0.332296841022,-0.000199294237559,0.58494032713,0.375351481374,0.362450167383,0.210701591021,0.460039518608,0.335530121587,0.639699258507,0.560442580485,0.8430282833,0.152151475484,0.238375085659,0.420964225266,0.508979887695,nan,nan,nan,nan,nan,nan,nan,nan,nan,nan,nan,nan,-0.0249959751844,-0.0135908234753,0.00714692430019,nan,nan,nan,nan,nan,nan,nan,nan,nan,nan,nan,nan,nan,nan,nan,nan,nan,nan,nan,nan,nan,-0.0249912540694,0.00264981766019,-0.00942913620203,nan,nan,nan,nan,nan,nan,nan,nan,nan,-0.0229088461939,0.0248264971108,-0.00789087261111,0.0243672181757,-0.022888555251,0.0237549666466,nan,nan,nan,0.00525276467567,-0.0249928797763,-0.00701439695476,nan,nan,nan,nan,nan,nan,nan,nan,nan,nan,nan,nan,nan,nan,nan,nan,nan,nan,nan,nan,nan,nan,nan,nan,0.0,0.0,0.0,0.0,0.0,0.0,nan,nan,nan,nan,nan,nan,nan,nan,nan,nan,nan,nan,nan,nan,nan,nan,nan,nan,nan,nan,nan,nan,nan,nan,nan,nan,nan,nan,nan,nan,nan,nan,nan,nan,nan,nan,nan,nan,nan,nan,nan,nan,-9.53946317992,4.59055275962,-2.99212701285,-0.00461396559203,-3.45393714597e-05,-5.28985864035e-05,nan,nan,nan,nan,nan,nan,nan,nan,nan,nan,nan,nan,nan,nan,nan,nan,nan,nan,-16.003718707,26.1927212184,-1.41944271258,-0.0074281828521,0.0203812606616,0.00312838218439,22.4758933846,-8.05074239368,13.2647816647,-0.000580653111924,0.000124389138397,-0.000315717103513,nan,nan,nan,nan,nan,nan,1.00245897403,-20.0623617613,-1.68054611952,-2.72102353848e-18,1.40201105916e-19,-3.29683292035e-18
0.05,0.05,0.05,-0.0,0.02,0.055,0.787523571049,-0.615282790018,0.0217840987807,0.0275529742736,0.0470664210021,0.0175323608187,0.110949218318,-0.698804666871,0.0197975205036,0.711317770239,0.0728500204744,0.165882258137,0.0375000719371,0.304820627282,0.421327626327,0.43773885302,0.497950797346,0.591431179682,0.293750929752,0.742392016694,0.741585995117,0.297423662604,0.738581903455,0.741811369162,0.737343780923,0.0765305361878,0.53290597826,0.156254257173,0.560303374284,0.320789094518,-6.31693808373e-10,0.569557130402,0.344505889519,0.385475322688,0.270352570484,0.475006060319,0.381981603952,0.651399051342,0.580527434459,0.845093577333,0.13430883952,0.221916930536,0.433437924272,0.494144688453,nan,nan,nan,nan,nan,nan,nan,nan,nan,nan,nan,nan,-0.0249961158369,-0.00760943184066,0.00634560497312,nan,nan,nan,nan,nan,nan,nan,nan,nan,nan,nan,nan,nan,nan,nan,nan,nan,nan,nan,nan,nan,-0.024998718199,0.00696182636369,-0.00962452904864,nan,nan,nan,nan,nan,nan,nan,nan,nan,-0.0168757641841,0.0247538773015,-0.00743769075095,0.0242237679376,-0.0229670852756,0.0239417196272,nan,nan,nan,0.00461407933069,-0.0249466587776,-0.00856518004352,nan,nan,nan,nan,nan,nan,nan,nan,nan,nan,nan,nan,nan,nan,nan,nan,nan,nan,nan,nan,nan,nan,nan,nan,-43.0067891581,4.65549282562,-12.7003793663,-0.016915773679,1.6575037286e-05,6.0743019999e-06,nan,nan,nan,nan,nan,nan,nan,nan,nan,nan,nan,nan,nan,nan,nan,nan,nan,nan,nan,nan,nan,nan,nan,nan,nan,nan,nan,nan,nan,nan,nan,nan,nan,nan,nan,nan,nan,nan,nan,nan,nan,nan,-9.7137033515,2.73656974804,-2.45130582457,-0.00716695592365,-2.90495193573e-06,-3.24471140101e-06,nan,nan,nan,nan,nan,nan,nan,nan,nan,nan,nan,nan,nan,nan,nan,nan,nan,nan,-3.0562997877,22.6358269037,-5.49355874618,2.90844541857e-17,1.62262586665e-18,-9.49499865498e-18,61.9242395937,-14.2692664641,33.7516621091,0.00153900990129,-0.00153524740098,0.00126313952561,nan,nan,nan,nan,nan,nan,-8.4842234988,-22.640230015,-8.46197540446,0.00102002306588,0.000928291694963,-0.00102269090388
0.05,0.05,0.05,-0.0,0.02,0.055,0.776662181425,-0.628931766492,0.0222670625419,0.0272922510598,0.0465913014799,0.0152712193538,0.111489635015,-0.698784310419,0.042890412287,0.711987010492,0.0541793035812,0.152348474219,0.0495719239005,0.291433409554,0.422569365974,0.423976428671,0.504000996398,0.596829561082,0.298478986464,0.756382919132,0.751431976059,0.30297017034,0.75019701354,0.756120367017,0.748147691541,0.0342720353705,0.528595933325,0.132573298044,0.563418201796,0.318390481155,-0.000244115848332,0.594785408912,0.384323594193,0.352715244778,0.254766258335,0.466939684537,0.386490101139,0.663628609064,0.595826012198,0.886622447549,0.154979633475,0.209866638833,0.425128976947,0.522959729945,nan,nan,nan,nan,nan,nan,nan,nan,nan,nan,nan,nan,-0.0249957465733,-0.00580396176971,0.00606279443738,nan,nan,nan,nan,nan,nan,nan,nan,nan,nan,nan,nan,nan,nan,nan,nan,nan,nan,nan,nan,nan,-0.0249808192154,0.00938151746482,-0.00974917390131,nan,nan,nan,nan,nan,nan,nan,nan,nan,-0.0161243215805,0.0248762998369,-0.0077505519819,0.0245052204851,-0.0234578725387,0.0233498441271,nan,nan,nan,0.00508566553799,-0.024975911429,-0.0084520555753,nan,nan,nan,nan,nan,nan,nan,nan,nan,nan,nan,nan,nan,nan,nan,nan,nan,nan,nan,nan,nan,nan,nan,nan,0.0,0.0,0.0,0.0,0.0,0.0,nan,nan,nan,nan,nan,nan,nan,nan,nan,nan,nan,nan,nan,nan,nan,nan,nan,nan,nan,nan,nan,nan,nan,nan,nan,nan,nan,nan,nan,nan,nan,nan,nan,nan,nan,nan,nan,nan,nan,nan,nan,nan,-8.35447140636,4.58576272592,-5.13643292869,-0.00371646078879,-1.45814727684e-05,-1.29674533559e-05,nan,nan,nan,nan,nan,nan,nan,nan,nan,nan,nan,nan,nan,nan,nan,nan,nan,nan,-11.8271544209,29.9086872476,3.467064208,0.000200736883992,2.6832973518e-05,0.000684845591465,16.138792419,-1.42521029061,3.1278551781,-0.00085640904105,0.000438243115923,-0.000425145096634,nan,nan,nan,nan,nan,nan,0.770923308365,-32.4115129974,4.07881530937,-5.8131622684e-17,-5.78906946722e-19,6.38709303463e-18
0.05,0.05,0.05,-0.0,0.02,0.055,0.765559615264,-0.642389677164,0.0227439885699,0.0271420178676,0.0469500926697,0.0167046774676,0.111224772974,-0.700990521271,0.0278926884922,0.70999548289,0.0611612728146,0.164319989179,0.0625829188475,0.294905612478,0.42025405285,0.415884790545,0.49676206528,0.583498079314,0.295323057377,0.747826342362,0.744487803905,0.299501466141,0.743084312196,0.747446506066,0.741744337081,0.0533434591165,0.530150210144,0.144293501699,0.560899096209,0.317290636894,-1.11585407581e-10,0.588894075816,0.351258690536,0.374152850445,0.259685288792,0.473882535313,0.386720422232,0.658846193549,0.587594757271,0.867559586816,0.132640889835,0.221149057531,0.43401264236,0.487349833728,nan,nan,nan,nan,nan,nan,nan,nan,nan,nan,nan,nan,nan,nan,nan,nan,nan,nan,nan,nan,nan,nan,nan,nan,nan,nan,nan,nan,nan,nan,nan,nan,nan,nan,nan,nan,nan,nan,nan,nan,nan,nan,nan,nan,nan,nan,nan,nan,-0.0164931911957,0.0247877507218,-0.00717291661583,0.0244167942273,-0.0228048563556,0.0235704124445,nan,nan,nan,0.00415246078299,-0.0249659962102,-0.00947249289461,nan,nan,nan,nan,nan,nan,nan,nan,nan,nan,nan,nan,nan,nan,nan,nan,nan,nan,nan,nan,nan,nan,nan,nan,nan,nan,nan,nan,nan,nan,nan,nan,nan,nan,nan,nan,nan,nan,nan,nan,nan,nan,nan,nan,nan,nan,nan,nan,nan,nan,nan,nan,nan,nan,nan,nan,nan,nan,nan,nan,nan,nan,nan,nan,nan,nan,nan,nan,nan,nan,nan,nan,nan,nan,nan,nan,nan,nan,nan,nan,nan,nan,nan,nan,nan,nan,nan,nan,nan,nan,nan,nan,nan,nan,nan,nan,0.0,0.0,0.0,0.0,0.0,0.0,0.0,0.0,0.0,0.0,0.0,0.0,nan,nan,nan,nan,nan,nan,0.0,0.0,0.0,0.0,0.0,0.0
0.05,0.05,0.05,-0.0,0.02,0.055,0.754242557392,-0.655652223104,0.023213078708,0.0264476829816,0.0448426844486,0.0108703084207,0.100915146471,0.697655047879,-0.16043318346,-0.697942605606,0.0203653405068,0.115050146802,0.019701302364,0.389112214463,0.534327733409,0.514072735649,0.618660084315,0.655281319189,0.301001234355,0.766781560005,0.758246415215,0.307578152361,0.756823234946,0.766830621261,0.755046203118,-0.0329091100046,0.559266447193,0.182328189129,0.602548040114,0.369705541456,-1.21823440224e-10,0.614540746302,0.423402025514,0.345104178845,0.238942978119,0.493119855604,0.433400196526,0.70278427257,0.653879317456,0.957257644687,0.181534535253,0.160830525721,0.379920443596,0.624309926765,nan,nan,nan,nan,nan,nan,nan,nan,nan,nan,nan,nan,-0.0250348531649,-0.00616012234297,0.00504990245876,nan,nan,nan,nan,nan,nan,nan,nan,nan,nan,nan,nan,nan,nan,nan,nan,nan,nan,nan,nan,nan,nan,nan,nan,nan,nan,nan,nan,nan,nan,nan,nan,nan,-0.0172387205918,0.0249868330314,-0.00755310630089,nan,nan,nan,nan,nan,nan,-0.0129255569224,-0.0249974677016,-0.0110675585647,nan,nan,nan,nan,nan,nan,nan,nan,nan,nan,nan,nan,nan,nan,nan,nan,nan,nan,nan,nan,nan,nan,nan,nan,-8.88178356101e-13,3.34675174295e-16,-3.10968061448e-17,0.0,0.0,0.0,nan,nan,nan,nan,nan,nan,nan,nan,nan,nan,nan,nan,nan,nan,nan,nan,nan,nan,nan,nan,nan,nan,nan,nan,nan,nan,nan,nan,nan,nan,nan,nan,nan,nan,nan,nan,nan,nan,nan,nan,nan,nan,nan,nan,nan,nan,nan,nan,nan,nan,nan,nan,nan,nan,nan,nan,nan,nan,nan,nan,nan,nan,nan,nan,nan,nan,0.0119793518888,31.7904350047,-0.0106664235024,7.9913011472e-17,-4.15122481035e-20,-3.39744939091e-17,nan,nan,nan,nan,nan,nan,nan,nan,nan,nan,nan,nan,-0.0118791843234,-31.5246134054,0.0105772342304,-6.0806964757e-17,1.58248510965e-20,-2.11269623621e-17
0.05,0.05,0.05,-0.0,0.02,0.055,0.742679488952,-0.668709539852,0.0236759837082,0.0263472161085,0.0435695252646,0.00719987369599,0.0924102035705,0.695788199972,-0.209509524229,-0.686438416447,0.0280506766693,0.128412215325,0.0531376625864,0.500532491951,0.568204855162,0.617114821525,0.666739030481,0.719479818346,0.300711625063,0.760714421293,0.75768161622,0.304658317402,0.75632016922,0.760076339637,0.754220316199,-0.0443481099202,0.581476669235,0.263328979712,0.622129148795,0.444492667564,-4.33002966815e-10,0.657417818102,0.406046536745,0.338409096402,0.221794156693,0.493755931865,0.462213820471,0.705774650408,0.696098602962,1.02108854063,0.173152620295,0.124962853797,0.350205670466,0.65154166869,nan,nan,nan,nan,nan,nan,nan,nan,nan,nan,nan,nan,nan,nan,nan,nan,nan,nan,nan,nan,nan,nan,nan,nan,nan,nan,nan,nan,nan,nan,nan,nan,nan,nan,nan,nan,-0.0250002948932,0.0114808821399,-0.0104080745072,nan,nan,nan,nan,nan,nan,nan,nan,nan,-0.0228190278348,0.0249483684944,-0.00934438124006,0.00187361536335,-0.0244331806195,0.0240773212697,nan,nan,nan,-0.0222166807647,-0.0249936087341,-0.0125240774897,nan,nan,nan,nan,nan,nan,nan,nan,nan,nan,nan,nan,nan,nan,nan,nan,nan,nan,nan,nan,nan,nan,nan,nan,nan,nan,nan,nan,nan,nan,nan,nan,nan,nan,nan,nan,nan,nan,nan,nan,nan,nan,nan,nan,nan,nan,nan,nan,nan,nan,nan,nan,nan,nan,nan,nan,nan,nan,nan,nan,nan,nan,nan,nan,nan,nan,nan,nan,nan,nan,nan,nan,-13.3981680436,0.658450097229,0.44370048936,0.0,0.0,0.0,nan,nan,nan,nan,nan,nan,nan,nan,nan,nan,nan,nan,nan,nan,nan,nan,nan,nan,5.74925583906,21.5855800574,-4.2376414712,-1.47106316545e-19,-8.72471416107e-19,-4.64375138459e-18,4.99190558003,-12.5085037151,16.7333155816,-6.56573290203e-17,6.80743200145e-17,7.04739635227e-17,nan,nan,nan,nan,nan,nan,2.60466535582,-13.8306849544,-6.36866469417,-1.96473107993e-05,-0.00107533761029,-3.36053780003e-05
0.05,0.05,0.05,-0.0,0.02,0.055,0.730901615792,-0.681571506739,0.0241310533461,0.025706059567,0.0446354713926,0.0108164360715,0.103148477331,0.698703432679,-0.167010693151,-0.695322777566,0.0211465489675,0.110608714268,0.0112848830372,0.372232317882,0.52559723258,0.49990292513,0.610222479383,0.651812705984,0.301519502041,0.76685157887,0.759747679614,0.307699964513,0.758806097906,0.766252936392,0.756739588796,-0.0390776644412,0.548933250028,0.16122879121,0.595426030543,0.359142451755,-3.41148442828e-10,0.608223847724,0.426516817594,0.343454528748,0.226288493313,0.490778669303,0.429315164249,0.700000029573,0.650863551668,0.975697202896,0.182570019782,0.157144184626,0.379082673278,0.629817582222,nan,nan,nan,nan,nan,nan,nan,nan,nan,nan,nan,nan,-0.0250241454457,-0.00615915485511,0.0038828249276,nan,nan,nan,nan,nan,nan,nan,nan,nan,nan,nan,nan,nan,nan,nan,nan,nan,nan,nan,nan,nan,-0.0250262672235,0.0126604244854,-0.0128420777709,nan,nan,nan,nan,nan,nan,nan,nan,nan,-0.0151546284566,0.0249900067945,-0.00857129830646,nan,nan,nan,nan,nan,nan,-0.0104279013884,-0.0249723362686,-0.0112774186639,nan,nan,nan,nan,nan,nan,nan,nan,nan,nan,nan,nan,nan,nan,nan,nan,nan,nan,nan,nan,nan,nan,nan,nan,-11.8477981594,-0.00215903005106,-0.00130706829559,-4.5712721623e-22,4.71862906185e-19,3.36415840812e-18,nan,nan,nan,nan,nan,nan,nan,nan,nan,nan,nan,nan,nan,nan,nan,nan,nan,nan,nan,nan,nan,nan,nan,nan,nan,nan,nan,nan,nan,nan,nan,nan,nan,nan,nan,nan,nan,nan,nan,nan,nan,nan,-25.520619933,2.00672951281,-2.66781824341,-1.54861801773e-17,2.9235293668e-17,1.70133121422e-16,nan,nan,nan,nan,nan,nan,nan,nan,nan,nan,nan,nan,nan,nan,nan,nan,nan,nan,16.8495131102,34.8223137035,-9.37665587904,0.0,0.0,0.0,nan,nan,nan,nan,nan,nan,nan,nan,nan,nan,nan,nan,22.4563732318,-37.6620813849,8.28206418961,1.69413738536e-18,1.17673583041e-17,4.89176388188e-17
0.05,0.05,0.05,-0.0,0.02,0.055,0.718888634447,-0.694218681308,0.0245789533115,0.0256013445066,0.0472337926628,0.0195199734195,0.111320709281,-0.704534964774,0.0102559148231,0.705860211641,0.0727094302214,0.152104502664,0.000472276058349,0.32141830506,0.421453187276,0.445384068824,0.507140197785,0.604478370091,0.295777758044,0.748273561269,0.745890121081,0.299991484598,0.743593829221,0.74759444932,0.742383654533,0.0847890933935,0.527697892461,0.144940917405,0.562914169217,0.329211045307,-1.60956581396e-10,0.592733428958,0.270166644241,0.395883076779,0.339265260518,0.491517189495,0.433356522607,0.668844261558,0.610065546651,0.792016100651,0.152822266305,0.183102775549,0.44743220021,0.504788537432,nan,nan,nan,nan,nan,nan,nan,nan,nan,nan,nan,nan,-0.0249947420661,-0.00996092526962,0.00699722754503,nan,nan,nan,nan,nan,nan,nan,nan,nan,nan,nan,nan,nan,nan,nan,nan,nan,nan,nan,nan,nan,-0.024999134273,0.00792513787254,-0.00974211047003,nan,nan,nan,nan,nan,nan,nan,nan,nan,-0.0105917980998,0.0247651480783,-0.00343432130537,0.0243028863868,-0.0228610196406,0.0238370437707,nan,nan,nan,0.0053727307893,-0.0249711090023,-0.00685526727589,nan,nan,nan,nan,nan,nan,nan,nan,nan,nan,nan,nan,nan,nan,nan,nan,nan,nan,nan,nan,nan,nan,nan,nan,0.0,0.0,0.0,0.0,0.0,0.0,nan,nan,nan,nan,nan,nan,nan,nan,nan,nan,nan,nan,nan,nan,nan,nan,nan,nan,nan,nan,nan,nan,nan,nan,nan,nan,nan,nan,nan,nan,nan,nan,nan,nan,nan,nan,nan,nan,nan,nan,nan,nan,-14.3694233245,4.1514949624,-1.92335587369,-3.60668678223e-05,-2.23473068632e-08,7.11231378627e-08,nan,nan,nan,nan,nan,nan,nan,nan,nan,nan,nan,nan,nan,nan,nan,nan,nan,nan,-6.90317929122,27.3056503584,-5.29130220571,1.90973401524e-16,4.78389433472e-17,-2.27735433627e-18,19.2236132056,-10.7044170498,15.1203687418,-0.00111310115045,0.000147057362306,-0.000530453716357,nan,nan,nan,nan,nan,nan,0.718939223176,-20.3486656661,-2.94189729146,-4.22591596462e-06,-2.42684092313e-06,-3.76757762325e-06
0.05,0.05,0.05,-0.0,0.02,0.055,0.706655939728,-0.706655939728,0.025019856242,0.0254710126752,0.0445422147541,0.00946418609054,0.0947226781787,0.698505693641,-0.184548630704,-0.690646340812,0.0322371025283,0.123269029075,0.0518593109782,0.441740368069,0.581379672708,0.557755315715,0.65109263843,0.672202557965,0.300127853744,0.761067565336,0.756237752279,0.305306372723,0.754969933257,0.760511497116,0.752167231569,-0.030253905058,0.581658321556,0.233032101767,0.620092102894,0.406291439491,-2.26848761997e-10,0.627713638974,0.413926383848,0.363826309784,0.238207336739,0.503715864557,0.447115119726,0.703230413044,0.66418017186,0.956883396387,0.16553669481,0.161073902265,0.373519811429,0.62515459322,nan,nan,nan,nan,nan,nan,nan,nan,nan,nan,nan,nan,nan,nan,nan,nan,nan,nan,nan,nan,nan,nan,nan,nan,nan,nan,nan,nan,nan,nan,nan,nan,nan,nan,nan,nan,nan,nan,nan,nan,nan,nan,nan,nan,nan,nan,nan,nan,-0.0214009263665,0.0249995897402,-0.00753480572,0.00507478136714,-0.0243864766611,0.0241502404732,nan,nan,nan,-0.0206256403934,-0.0249458012683,-0.0112933692735,nan,nan,nan,nan,nan,nan,nan,nan,nan,nan,nan,nan,nan,nan,nan,nan,nan,nan,nan,nan,nan,nan,nan,nan,nan,nan,nan,nan,nan,nan,nan,nan,nan,nan,nan,nan,nan,nan,nan,nan,nan,nan,nan,nan,nan,nan,nan,nan,nan,nan,nan,nan,nan,nan,nan,nan,nan,nan,nan,nan,nan,nan,nan,nan,nan,nan,nan,nan,nan,nan,nan,nan,nan,nan,nan,nan,nan,nan,nan,nan,nan,nan,nan,nan,nan,nan,nan,nan,nan,nan,nan,nan,nan,nan,nan,nan,12.4190525617,27.2875705711,-8.37982234871,5.62639310252e-19,3.70307978418e-18,1.28923375237e-17,0.0,0.0,0.0,0.0,0.0,0.0,nan,nan,nan,nan,nan,nan,-12.9739353782,-30.3521066876,4.02411319632,0.0,0.0,0.0
